mercaderia;soborno;solucion
{"producto0": [149, 470, 465, 974, 789, 178, 722, 402, 749, 358, 443, 519, 819, 112, 545, 124, 82, 754, 466, 269, 49, 674, 955, 663, 969, 209, 343, 235, 316, 859], "producto1": [412, 979, 472, 568, 282, 922, 811, 837, 384, 164, 877, 664, 653, 127, 184, 5, 617, 405, 151, 792, 871, 579, 166, 197, 171, 861, 26, 935, 681, 242], "producto2": [734, 633, 793, 950, 519, 731, 296, 706, 604, 346, 540, 698, 351, 555, 874, 965, 371, 495, 411, 779, 63, 833, 103, 911, 307, 667, 444, 258, 245, 867], "producto3": [59, 692, 599, 882, 334, 168, 55, 771, 281, 723, 712, 123, 735, 51, 800, 609, 907, 224, 907, 317, 537, 636, 221, 666, 823, 766, 744, 581, 365, 341], "producto4": [44, 399, 742, 958, 106, 410, 694, 730, 155, 633, 675, 658, 488, 957, 558, 39, 717, 455, 164, 50, 817, 485, 893, 773, 48, 202, 956, 254, 161, 96], "producto5": [553, 436, 485, 461, 351, 712, 465, 536, 198, 621, 593, 877, 257, 427, 148, 846, 213, 848, 422, 79, 952, 612, 275, 410, 869, 266, 861, 727, 97, 195], "producto6": [301, 237, 412, 9, 669, 81, 224, 305, 659, 658, 742, 641, 23, 873, 88, 840, 599, 361, 331, 689, 912, 454, 34, 745, 788, 188, 926, 999, 85, 23], "producto7": [720, 327, 519, 405, 178, 389, 391, 745, 457, 200, 217, 931, 164, 615, 862, 590, 562, 946, 277, 74, 640, 468, 648, 764, 139, 447, 598, 876, 598, 516], "producto8": [822, 469, 440, 725, 359, 881, 990, 89, 71, 47, 929, 452, 426, 20, 579, 158, 492, 108, 705, 90, 300, 640, 689, 97, 568, 580, 856, 989, 150, 143], "producto9": [661, 853, 496, 862, 330, 118, 689, 937, 908, 802, 483, 936, 854, 288, 232, 756, 787, 798, 951, 356, 234, 35, 937, 14, 230, 518, 115, 561, 91, 128], "producto10": [48, 978, 924, 687, 872, 518, 602, 262, 30, 619, 537, 536, 986, 833, 785, 109, 705, 188, 40, 955, 592, 724, 238, 474, 711, 11, 116, 228, 375, 901], "producto11": [196, 333, 90, 160, 351, 611, 784, 662, 633, 157, 957, 196, 729, 433, 83, 89, 322, 618, 208, 321, 274, 156, 682, 113, 454, 953, 774, 926, 16, 209], "producto12": [998, 358, 7, 85, 509, 62, 435, 390, 158, 199, 446, 184, 209, 272, 259, 222, 975, 300, 409, 923, 931, 971, 401, 266, 341, 28, 744, 272, 246, 877], "producto13": [806, 631, 483, 379, 219, 792, 677, 530, 244, 413, 971, 22, 477, 858, 345, 40, 271, 510, 610, 50, 809, 76, 364, 42, 952, 671, 264, 794, 595, 468], "producto14": [940, 129, 755, 188, 348, 505, 792, 409, 632, 418, 252, 782, 511, 762, 99, 543, 216, 180, 78, 251, 82, 19, 630, 812, 849, 286, 854, 494, 224, 965], "producto15": [521, 294, 882, 626, 763, 162, 383, 316, 239, 413, 444, 40, 4, 986, 275, 965, 83, 548, 736, 768, 712, 895, 101, 843, 814, 282, 642, 433, 988, 952], "producto16": [700, 644, 931, 318, 186, 88, 92, 782, 502, 628, 669, 910, 646, 213, 542, 87, 346, 626, 727, 159, 415, 518, 40, 404, 339, 992, 416, 181, 826, 576], "producto17": [377, 989, 906, 1, 295, 433, 9, 461, 840, 735, 614, 294, 831, 202, 813, 458, 500, 651, 731, 541, 866, 895, 128, 484, 144, 210, 842, 657, 293, 398], "producto18": [971, 855, 925, 781, 772, 245, 848, 484, 856, 177, 419, 316, 303, 537, 875, 397, 393, 398, 589, 728, 796, 693, 485, 118, 571, 584, 796, 143, 32, 522], "producto19": [76, 228, 686, 389, 273, 317, 531, 758, 166, 916, 630, 489, 957, 628, 770, 566, 375, 682, 980, 356, 358, 417, 285, 75, 432, 237, 843, 396, 0, 297]};{"producto0": 4722, "producto1": 6035, "producto2": 4524, "producto3": 5417, "producto4": 4657, "producto5": 4673, "producto6": 4417, "producto7": 3526, "producto8": 5310, "producto9": 5852, "producto10": 5615, "producto11": 2855, "producto12": 3426, "producto13": 4151, "producto14": 5701, "producto15": 7250, "producto16": 5783, "producto17": 4588, "producto18": 5156, "producto19": 4160};{"producto0": 4722, "producto1": 6035, "producto2": 4524, "producto3": 5417, "producto4": 4657, "producto5": 4673, "producto6": 4417, "producto7": 3526, "producto8": 5310, "producto9": 5852, "producto10": 5615, "producto11": 2855, "producto12": 3426, "producto13": 4151, "producto14": 5701, "producto15": 7250, "producto16": 5783, "producto17": 4588, "producto18": 5156, "producto19": 4160}
{"producto0": [260, 448, 141, 719, 506, 638, 779, 608, 367, 298, 11, 78, 400, 125, 534, 814, 408, 903, 214, 677, 165, 276, 50, 40, 723, 94, 540, 829, 835, 707], "producto1": [832, 670, 869, 339, 764, 251, 588, 302, 530, 636, 953, 835, 293, 322, 660, 328, 956, 320, 271, 104, 160, 683, 318, 975, 452, 519, 649, 238, 239, 247], "producto2": [743, 648, 248, 635, 908, 235, 732, 290, 291, 853, 928, 496, 306, 574, 650, 604, 287, 592, 346, 31, 809, 390, 637, 394, 574, 436, 493, 857, 290, 528], "producto3": [283, 357, 383, 436, 121, 593, 187, 889, 757, 128, 725, 121, 83, 478, 159, 205, 175, 63, 572, 729, 777, 563, 494, 465, 725, 654, 606, 312, 73, 405], "producto4": [897, 46, 583, 798, 745, 930, 151, 71, 25, 760, 464, 584, 85, 758, 324, 16, 587, 35, 695, 557, 949, 567, 766, 107, 537, 794, 947, 100, 93, 913], "producto5": [22, 467, 768, 898, 185, 749, 51, 722, 778, 429, 62, 757, 658, 664, 982, 755, 553, 646, 561, 346, 778, 265, 761, 766, 511, 94, 53, 909, 892, 745], "producto6": [406, 770, 579, 10, 104, 286, 189, 705, 397, 841, 0, 190, 829, 425, 165, 919, 928, 680, 583, 216, 318, 224, 73, 144, 645, 521, 60, 563, 341, 804], "producto7": [903, 917, 710, 999, 409, 596, 918, 338, 785, 53, 925, 352, 410, 36, 897, 693, 514, 609, 700, 748, 807, 890, 718, 322, 227, 767, 348, 757, 309, 571], "producto8": [337, 681, 746, 732, 542, 274, 571, 934, 790, 886, 845, 768, 663, 531, 750, 658, 521, 562, 169, 828, 819, 467, 48, 689, 172, 96, 584, 17, 376, 574], "producto9": [227, 734, 872, 753, 219, 460, 111, 117, 471, 987, 641, 37, 500, 845, 161, 803, 439, 473, 454, 713, 435, 497, 603, 771, 692, 260, 694, 507, 67, 257], "producto10": [337, 869, 195, 48, 618, 408, 910, 868, 505, 640, 529, 838, 968, 40, 265, 777, 361, 607, 903, 374, 81, 81, 37, 322, 679, 178, 493, 931, 928, 15], "producto11": [201, 544, 65, 651, 931, 288, 862, 962, 154, 611, 109, 756, 848, 618, 725, 459, 832, 868, 985, 836, 871, 843, 634, 935, 999, 828, 251, 2, 573, 655], "producto12": [773, 705, 240, 984, 603, 39, 274, 399, 322, 825, 20, 184, 301, 359, 298, 836, 704, 585, 927, 268, 498, 410, 657, 373, 135, 521, 82, 921, 254, 739], "producto13": [555, 181, 881, 64, 39, 242, 106, 938, 637, 921, 727, 702, 402, 528, 488, 764, 620, 978, 567, 289, 689, 748, 510, 130, 667, 390, 405, 538, 97, 642], "producto14": [766, 337, 166, 616, 928, 194, 858, 902, 909, 332, 644, 308, 174, 327, 431, 464, 126, 460, 496, 414, 870, 424, 170, 199, 484, 66, 908, 885, 354, 854], "producto15": [949, 928, 556, 783, 554, 267, 528, 630, 734, 6, 678, 184, 759, 515, 526, 621, 806, 540, 679, 571, 851, 689, 793, 80, 130, 10, 455, 826, 687, 994], "producto16": [265, 151, 766, 613, 844, 598, 734, 721, 542, 91, 242, 725, 106, 386, 610, 747, 146, 117, 136, 568, 475, 181, 831, 651, 299, 114, 277, 291, 52, 182], "producto17": [570, 767, 420, 538, 781, 363, 91, 546, 279, 243, 575, 402, 469, 966, 515, 640, 577, 507, 111, 11, 173, 816, 4, 256, 681, 249, 657, 255, 20, 366], "producto18": [467, 480, 595, 247, 811, 317, 189, 111, 210, 78, 787, 196, 711, 222, 311, 174, 251, 916, 457, 169, 35, 882, 638, 88, 806, 98, 218, 485, 902, 419], "producto19": [52, 491, 47, 973, 40, 618, 448, 984, 485, 836, 859, 613, 734, 840, 219, 482, 51, 143, 165, 563, 198, 204, 798, 314, 151, 88, 99, 537, 332, 791]};{"producto0": 4327, "producto1": 5244, "producto2": 5098, "producto3": 4184, "producto4": 5754, "producto5": 6380, "producto6": 3657, "producto7": 7615, "producto8": 5665, "producto9": 4416, "producto10": 4143, "producto11": 5761, "producto12": 4887, "producto13": 5372, "producto14": 5847, "producto15": 6014, "producto16": 3788, "producto17": 3311, "producto18": 4383, "producto19": 4816};{"producto0": 4327, "producto1": 5244, "producto2": 5098, "producto3": 4184, "producto4": 5754, "producto5": 6380, "producto6": 3657, "producto7": 7615, "producto8": 5665, "producto9": 4416, "producto10": 4143, "producto11": 5761, "producto12": 4887, "producto13": 5372, "producto14": 5847, "producto15": 6014, "producto16": 3788, "producto17": 3311, "producto18": 4383, "producto19": 4816}
{"producto0": [232, 933, 421, 674, 801, 395, 92, 747, 513, 902, 701, 433, 334, 231, 51, 356, 543, 745, 169, 209, 527, 216, 924, 984, 38, 45, 950, 104, 446, 824], "producto1": [688, 204, 54, 297, 785, 669, 211, 118, 668, 844, 468, 9, 675, 629, 415, 493, 24, 532, 310, 867, 261, 349, 714, 46, 430, 789, 443, 137, 477, 338], "producto2": [390, 660, 859, 524, 872, 467, 929, 13, 184, 450, 369, 472, 307, 145, 449, 577, 118, 147, 788, 391, 297, 130, 257, 366, 578, 89, 135, 579, 32, 613], "producto3": [36, 977, 194, 263, 949, 656, 119, 110, 324, 592, 491, 787, 875, 514, 918, 290, 92, 582, 631, 105, 270, 283, 760, 705, 552, 304, 95, 280, 69, 867], "producto4": [215, 629, 596, 698, 615, 516, 60, 60, 783, 984, 989, 790, 531, 849, 204, 309, 714, 589, 575, 987, 492, 765, 602, 293, 806, 144, 785, 749, 438, 503], "producto5": [123, 912, 356, 290, 959, 92, 56, 379, 648, 226, 497, 849, 737, 952, 186, 590, 186, 436, 269, 903, 441, 704, 21, 58, 57, 276, 395, 621, 45, 227], "producto6": [123, 254, 51, 876, 660, 772, 527, 723, 273, 974, 595, 957, 622, 920, 748, 627, 744, 64, 749, 791, 88, 239, 491, 273, 400, 507, 811, 53, 230, 751], "producto7": [510, 646, 438, 459, 813, 375, 781, 895, 362, 339, 695, 634, 765, 176, 709, 479, 824, 935, 586, 737, 969, 698, 193, 870, 662, 307, 493, 829, 326, 263], "producto8": [46, 84, 829, 687, 770, 450, 417, 774, 388, 153, 517, 994, 116, 757, 157, 518, 682, 635, 996, 581, 44, 172, 554, 720, 213, 982, 447, 559, 450, 174], "producto9": [354, 46, 344, 920, 195, 337, 611, 271, 9, 922, 632, 197, 298, 932, 420, 753, 152, 272, 850, 885, 209, 845, 42, 422, 826, 224, 40, 960, 303, 882], "producto10": [781, 843, 51, 111, 326, 447, 181, 953, 980, 919, 297, 212, 876, 560, 724, 750, 626, 554, 22, 767, 832, 788, 927, 57, 904, 115, 227, 752, 219, 57], "producto11": [190, 641, 141, 279, 198, 376, 683, 13, 970, 75, 498, 707, 775, 759, 654, 366, 924, 347, 317, 930, 414, 789, 941, 626, 256, 109, 432, 399, 267, 957], "producto12": [735, 621, 510, 764, 924, 871, 203, 951, 651, 694, 319, 475, 950, 387, 64, 106, 611, 999, 275, 639, 971, 54, 182, 431, 743, 427, 8, 666, 248, 190], "producto13": [383, 125, 833, 873, 892, 440, 843, 471, 826, 734, 657, 651, 658, 513, 615, 412, 24, 608, 858, 41, 156, 740, 77, 285, 370, 307, 722, 64, 108, 986], "producto14": [225, 66, 767, 300, 576, 945, 751, 542, 718, 780, 687, 884, 918, 44, 890, 699, 660, 881, 139, 230, 539, 284, 517, 938, 446, 964, 429, 546, 365, 888], "producto15": [6, 270, 710, 193, 670, 921, 663, 647, 106, 222, 673, 251, 914, 435, 881, 781, 555, 357, 752, 910, 395, 961, 122, 807, 522, 467, 415, 102, 702, 425], "producto16": [9, 579, 199, 278, 706, 967, 318, 207, 750, 857, 884, 401, 205, 746, 691, 964, 741, 100, 539, 214, 403, 199, 46, 204, 978, 767, 878, 292, 514, 551], "producto17": [106, 571, 493, 759, 252, 108, 11, 659, 473, 829, 626, 308, 776, 884, 743, 546, 34, 869, 411, 528, 340, 74, 873, 863, 666, 166, 240, 766, 579, 686], "producto18": [443, 681, 988, 407, 868, 724, 406, 370, 450, 879, 32, 536, 842, 401, 109, 705, 334, 656, 919, 952, 944, 986, 204, 939, 558, 695, 351, 544, 736, 874], "producto19": [16, 552, 64, 725, 33, 360, 248, 663, 604, 144, 113, 235, 440, 848, 804, 983, 566, 619, 376, 17, 741, 443, 918, 263, 937, 458, 419, 148, 765, 860]};{"producto0": 5358, "producto1": 4396, "producto2": 4441, "producto3": 4513, "producto4": 6331, "producto5": 4081, "producto6": 4834, "producto7": 5991, "producto8": 4980, "producto9": 2935, "producto10": 3437, "producto11": 3028, "producto12": 5548, "producto13": 4986, "producto14": 5818, "producto15": 6048, "producto16": 4717, "producto17": 4987, "producto18": 5815, "producto19": 5778};{"producto0": 5358, "producto1": 4396, "producto2": 4441, "producto3": 4513, "producto4": 6331, "producto5": 4081, "producto6": 4834, "producto7": 5991, "producto8": 4980, "producto9": 2935, "producto10": 3437, "producto11": 3028, "producto12": 5548, "producto13": 4986, "producto14": 5818, "producto15": 6048, "producto16": 4717, "producto17": 4987, "producto18": 5815, "producto19": 5778}
{"producto0": [131, 395, 616, 502, 938, 203, 21, 165, 935, 408, 391, 753, 436, 887, 91, 43, 1, 362, 320, 786, 99, 535, 373, 916, 896, 407, 713, 688, 591, 887], "producto1": [184, 275, 425, 251, 54, 164, 281, 522, 259, 442, 12, 398, 712, 327, 816, 681, 332, 232, 923, 969, 936, 366, 874, 964, 640, 388, 311, 281, 807, 959], "producto2": [597, 379, 414, 909, 704, 741, 300, 682, 86, 764, 656, 497, 394, 291, 631, 146, 416, 781, 625, 389, 977, 428, 95, 209, 450, 198, 308, 15, 87, 347], "producto3": [780, 788, 657, 702, 68, 158, 852, 361, 298, 192, 814, 423, 394, 842, 324, 927, 52, 992, 96, 566, 139, 130, 535, 175, 876, 730, 86, 655, 889, 588], "producto4": [838, 504, 53, 723, 488, 696, 666, 184, 519, 110, 579, 136, 637, 488, 122, 859, 101, 694, 18, 85, 45, 283, 360, 471, 34, 188, 107, 661, 529, 573], "producto5": [659, 320, 411, 511, 954, 630, 956, 161, 319, 35, 474, 549, 907, 400, 587, 727, 869, 702, 249, 847, 860, 723, 975, 679, 169, 44, 2, 505, 756, 749], "producto6": [227, 940, 91, 138, 634, 656, 925, 917, 739, 277, 682, 663, 555, 570, 711, 845, 949, 812, 127, 217, 862, 145, 28, 817, 876, 117, 636, 908, 658, 6], "producto7": [483, 335, 740, 591, 625, 192, 545, 73, 693, 198, 611, 773, 148, 892, 217, 270, 861, 53, 645, 376, 522, 653, 458, 297, 362, 178, 469, 558, 802, 649], "producto8": [305, 170, 880, 470, 754, 806, 461, 97, 795, 68, 376, 800, 894, 31, 838, 341, 653, 88, 604, 835, 489, 57, 668, 844, 529, 59, 406, 633, 245, 146], "producto9": [325, 469, 861, 0, 714, 827, 137, 33, 423, 75, 335, 354, 524, 615, 98, 743, 477, 881, 44, 618, 828, 980, 928, 424, 500, 592, 480, 869, 272, 434], "producto10": [455, 518, 411, 19, 715, 917, 151, 833, 606, 777, 778, 489, 237, 157, 226, 990, 251, 75, 719, 839, 558, 649, 553, 359, 559, 926, 219, 644, 426, 17], "producto11": [201, 414, 116, 92, 704, 634, 609, 845, 669, 318, 355, 219, 945, 253, 139, 726, 425, 141, 467, 472, 54, 50, 728, 202, 632, 37, 802, 141, 296, 711], "producto12": [573, 372, 273, 790, 267, 796, 272, 343, 164, 817, 48, 369, 276, 133, 974, 150, 235, 595, 865, 473, 624, 903, 362, 122, 374, 198, 610, 480, 397, 144], "producto13": [513, 949, 595, 354, 285, 385, 214, 800, 986, 678, 634, 795, 614, 331, 244, 214, 528, 852, 823, 253, 691, 750, 424, 833, 587, 327, 855, 559, 490, 263], "producto14": [536, 592, 338, 610, 651, 32, 281, 827, 720, 977, 740, 589, 917, 421, 982, 593, 205, 289, 286, 854, 918, 815, 3, 933, 398, 248, 276, 276, 450, 259], "producto15": [391, 96, 955, 563, 761, 708, 106, 23, 666, 277, 217, 887, 416, 567, 687, 225, 183, 325, 181, 521, 671, 905, 720, 54, 945, 510, 218, 207, 613, 139], "producto16": [893, 234, 491, 930, 407, 807, 575, 846, 779, 679, 868, 371, 629, 526, 736, 147, 818, 477, 641, 304, 954, 645, 691, 977, 297, 494, 444, 249, 791, 885], "producto17": [797, 850, 341, 226, 979, 205, 910, 959, 343, 569, 276, 955, 448, 361, 7, 123, 170, 741, 277, 863, 979, 295, 523, 236, 529, 18, 50, 361, 480, 981], "producto18": [164, 138, 534, 779, 7, 158, 788, 586, 236, 232, 716, 857, 672, 374, 964, 730, 264, 527, 140, 550, 414, 27, 913, 972, 782, 602, 536, 925, 153, 598], "producto19": [734, 229, 894, 957, 758, 317, 179, 230, 790, 291, 178, 340, 139, 796, 809, 624, 51, 667, 281, 943, 569, 383, 634, 589, 517, 999, 455, 656, 891, 933]};{"producto0": 4112, "producto1": 4990, "producto2": 4709, "producto3": 6159, "producto4": 4648, "producto5": 5381, "producto6": 4843, "producto7": 4692, "producto8": 3659, "producto9": 4340, "producto10": 5840, "producto11": 3077, "producto12": 4202, "producto13": 4998, "producto14": 5127, "producto15": 3973, "producto16": 6377, "producto17": 5230, "producto18": 5367, "producto19": 6570};{"producto0": 4112, "producto1": 4990, "producto2": 4709, "producto3": 6159, "producto4": 4648, "producto5": 5381, "producto6": 4843, "producto7": 4692, "producto8": 3659, "producto9": 4340, "producto10": 5840, "producto11": 3077, "producto12": 4202, "producto13": 4998, "producto14": 5127, "producto15": 3973, "producto16": 6377, "producto17": 5230, "producto18": 5367, "producto19": 6570}
{"producto0": [693, 330, 269, 965, 661, 895, 900, 672, 157, 348, 318, 706, 915, 123, 278, 642, 30, 967, 144, 985, 251, 864, 705, 234, 13, 492, 442, 252, 97, 938], "producto1": [850, 257, 38, 101, 795, 37, 762, 10, 784, 172, 986, 346, 382, 614, 539, 756, 54, 55, 41, 166, 15, 600, 783, 634, 691, 632, 390, 713, 531, 255], "producto2": [278, 9, 334, 266, 953, 989, 136, 840, 940, 995, 533, 726, 110, 377, 814, 937, 283, 328, 32, 643, 704, 352, 462, 692, 962, 501, 965, 699, 902, 968], "producto3": [201, 943, 539, 957, 800, 399, 16, 271, 556, 634, 962, 577, 878, 972, 337, 767, 983, 132, 550, 623, 476, 446, 598, 209, 196, 788, 245, 63, 491, 461], "producto4": [199, 894, 255, 292, 971, 116, 474, 228, 852, 79, 974, 301, 674, 174, 83, 276, 476, 487, 815, 228, 122, 92, 405, 768, 990, 642, 656, 91, 714, 830], "producto5": [249, 640, 161, 720, 734, 552, 444, 258, 654, 344, 939, 121, 2, 151, 671, 121, 414, 998, 743, 746, 924, 507, 757, 106, 774, 803, 243, 215, 233, 566], "producto6": [621, 786, 705, 627, 764, 205, 126, 973, 604, 370, 282, 940, 862, 212, 570, 743, 899, 762, 488, 22, 92, 610, 57, 235, 647, 203, 300, 386, 766, 528], "producto7": [327, 261, 925, 656, 748, 963, 116, 467, 860, 42, 743, 338, 737, 243, 899, 729, 13, 175, 761, 117, 547, 885, 315, 272, 0, 929, 158, 211, 133, 187], "producto8": [109, 649, 435, 343, 836, 358, 880, 414, 115, 390, 54, 517, 79, 338, 453, 909, 633, 577, 408, 511, 64, 724, 638, 491, 240, 458, 320, 443, 189, 656], "producto9": [998, 842, 369, 105, 335, 830, 827, 116, 993, 327, 573, 940, 566, 622, 571, 373, 648, 543, 527, 1, 268, 392, 507, 439, 639, 190, 901, 355, 227, 622], "producto10": [325, 305, 175, 32, 610, 432, 21, 558, 80, 916, 249, 176, 862, 29, 691, 916, 405, 860, 923, 466, 534, 551, 465, 787, 289, 467, 350, 651, 252, 788], "producto11": [397, 496, 339, 113, 685, 877, 50, 694, 568, 374, 336, 185, 287, 541, 85, 601, 600, 904, 391, 524, 887, 631, 158, 752, 191, 169, 883, 806, 979, 680], "producto12": [974, 795, 476, 41, 56, 848, 255, 973, 125, 268, 66, 92, 728, 720, 30, 951, 644, 210, 32, 726, 465, 804, 170, 442, 840, 779, 282, 283, 592, 472], "producto13": [540, 259, 121, 493, 745, 784, 145, 394, 396, 760, 774, 57, 721, 136, 364, 212, 55, 153, 515, 158, 851, 768, 57, 949, 526, 278, 407, 749, 617, 230], "producto14": [364, 714, 79, 90, 333, 712, 771, 129, 242, 103, 404, 678, 949, 165, 786, 57, 322, 259, 600, 769, 824, 322, 868, 642, 464, 260, 921, 515, 458, 376], "producto15": [300, 771, 85, 234, 263, 990, 747, 483, 622, 40, 119, 491, 367, 330, 919, 994, 932, 847, 437, 861, 614, 497, 813, 673, 37, 557, 540, 614, 85, 741], "producto16": [629, 627, 122, 373, 315, 139, 253, 975, 742, 943, 761, 635, 107, 330, 551, 226, 681, 567, 913, 500, 409, 884, 511, 961, 358, 892, 302, 832, 174, 672], "producto17": [981, 648, 348, 129, 604, 43, 363, 451, 290, 230, 496, 455, 663, 778, 15, 453, 702, 595, 823, 713, 277, 355, 118, 276, 679, 258, 751, 562, 39, 221], "producto18": [127, 309, 136, 885, 289, 46, 233, 197, 962, 132, 439, 227, 928, 76, 969, 302, 205, 924, 313, 432, 82, 721, 264, 694, 713, 553, 282, 702, 255, 302], "producto19": [389, 822, 340, 373, 222, 663, 828, 732, 806, 810, 664, 224, 978, 514, 444, 68, 966, 498, 989, 938, 623, 659, 390, 664, 460, 248, 960, 545, 752, 676]};{"producto0": 2948, "producto1": 3546, "producto2": 5174, "producto3": 5789, "producto4": 2924, "producto5": 5609, "producto6": 4779, "producto7": 3819, "producto8": 5130, "producto9": 5484, "producto10": 3939, "producto11": 4819, "producto12": 4781, "producto13": 5250, "producto14": 4462, "producto15": 5531, "producto16": 5109, "producto17": 4456, "producto18": 3634, "producto19": 6589};{"producto0": 2948, "producto1": 3546, "producto2": 5174, "producto3": 5789, "producto4": 2924, "producto5": 5609, "producto6": 4779, "producto7": 3819, "producto8": 5130, "producto9": 5484, "producto10": 3939, "producto11": 4819, "producto12": 4781, "producto13": 5250, "producto14": 4462, "producto15": 5531, "producto16": 5109, "producto17": 4456, "producto18": 3634, "producto19": 6589}
{"producto0": [677, 105, 725, 935, 319, 486, 38, 717, 993, 121, 990, 650, 934, 199, 372, 294, 91, 478, 482, 918, 456, 124, 478, 171, 462, 959, 511, 825, 403, 634], "producto1": [193, 60, 75, 101, 557, 73, 507, 673, 486, 360, 489, 282, 559, 992, 158, 936, 362, 709, 740, 542, 520, 287, 832, 5, 485, 231, 153, 146, 999, 162], "producto2": [886, 386, 276, 572, 141, 616, 403, 120, 439, 188, 748, 39, 990, 125, 184, 563, 284, 726, 24, 748, 566, 42, 466, 160, 89, 214, 807, 992, 594, 455], "producto3": [566, 513, 861, 840, 254, 138, 495, 924, 911, 975, 889, 17, 61, 27, 424, 302, 269, 913, 668, 912, 323, 560, 526, 272, 160, 408, 353, 456, 494, 39], "producto4": [171, 317, 51, 83, 991, 96, 760, 780, 788, 783, 642, 280, 912, 507, 886, 857, 410, 336, 277, 713, 324, 560, 360, 738, 66, 238, 52, 754, 256, 795], "producto5": [682, 60, 681, 701, 945, 965, 249, 786, 132, 252, 92, 603, 22, 621, 31, 856, 902, 867, 144, 664, 391, 885, 875, 898, 753, 153, 397, 287, 505, 454], "producto6": [970, 204, 451, 736, 549, 901, 897, 661, 725, 104, 359, 683, 830, 130, 253, 319, 326, 652, 97, 789, 801, 758, 942, 55, 375, 622, 800, 642, 486, 413], "producto7": [193, 80, 400, 68, 362, 786, 836, 38, 369, 358, 946, 321, 655, 492, 365, 252, 561, 198, 710, 347, 539, 643, 43, 156, 26, 267, 804, 509, 156, 918], "producto8": [706, 549, 945, 521, 845, 57, 502, 116, 470, 385, 549, 368, 351, 193, 176, 418, 430, 776, 261, 200, 730, 291, 767, 906, 476, 63, 506, 350, 37, 541], "producto9": [938, 689, 139, 439, 997, 240, 844, 158, 365, 828, 341, 88, 684, 182, 434, 612, 444, 209, 739, 391, 320, 100, 616, 729, 688, 132, 959, 143, 314, 153], "producto10": [876, 555, 543, 321, 877, 293, 467, 294, 840, 288, 284, 548, 994, 561, 611, 323, 76, 176, 823, 950, 179, 282, 469, 986, 38, 8, 942, 449, 802, 376], "producto11": [678, 830, 549, 595, 350, 325, 133, 910, 866, 150, 376, 299, 969, 501, 384, 279, 792, 163, 587, 429, 244, 337, 694, 24, 614, 671, 56, 27, 240, 177], "producto12": [931, 272, 265, 295, 284, 390, 150, 266, 214, 144, 382, 199, 458, 544, 611, 396, 136, 808, 393, 489, 619, 891, 708, 263, 798, 828, 405, 252, 921, 202], "producto13": [787, 131, 118, 817, 103, 537, 611, 776, 869, 721, 162, 507, 612, 193, 888, 76, 472, 809, 646, 599, 201, 668, 854, 69, 410, 782, 329, 357, 566, 730], "producto14": [515, 652, 456, 452, 624, 815, 652, 866, 199, 913, 186, 145, 703, 492, 435, 518, 35, 369, 203, 504, 641, 347, 704, 196, 368, 925, 830, 226, 99, 728], "producto15": [894, 283, 433, 394, 653, 648, 396, 739, 267, 310, 299, 398, 698, 385, 695, 585, 54, 671, 140, 981, 769, 112, 91, 633, 902, 831, 921, 101, 255, 120], "producto16": [366, 965, 958, 377, 252, 430, 11, 247, 104, 60, 788, 236, 294, 270, 283, 124, 494, 930, 419, 778, 617, 375, 623, 93, 543, 164, 400, 383, 296, 712], "producto17": [447, 485, 466, 877, 366, 938, 820, 91, 533, 693, 215, 938, 353, 630, 644, 993, 907, 970, 481, 124, 333, 759, 334, 181, 695, 195, 863, 860, 901, 291], "producto18": [338, 635, 889, 140, 935, 901, 955, 640, 988, 472, 50, 40, 946, 20, 695, 348, 631, 479, 884, 26, 706, 661, 747, 770, 729, 982, 185, 137, 973, 405], "producto19": [526, 401, 780, 251, 79, 641, 587, 667, 618, 666, 162, 622, 524, 146, 259, 973, 960, 515, 381, 583, 275, 409, 556, 292, 347, 509, 507, 165, 485, 284]};{"producto0": 5302, "producto1": 3661, "producto2": 4426, "producto3": 5489, "producto4": 4132, "producto5": 5462, "producto6": 5196, "producto7": 4204, "producto8": 4057, "producto9": 3723, "producto10": 4929, "producto11": 4713, "producto12": 3908, "producto13": 4697, "producto14": 4426, "producto15": 4756, "producto16": 3309, "producto17": 4789, "producto18": 5986, "producto19": 5203};{"producto0": 5302, "producto1": 3661, "producto2": 4426, "producto3": 5489, "producto4": 4132, "producto5": 5462, "producto6": 5196, "producto7": 4204, "producto8": 4057, "producto9": 3723, "producto10": 4929, "producto11": 4713, "producto12": 3908, "producto13": 4697, "producto14": 4426, "producto15": 4756, "producto16": 3309, "producto17": 4789, "producto18": 5986, "producto19": 5203}
{"producto0": [162, 266, 249, 944, 385, 83, 850, 89, 471, 160, 622, 499, 909, 962, 14, 97, 816, 767, 786, 715, 309, 833, 106, 297, 333, 491, 782, 796, 233, 961], "producto1": [432, 460, 919, 665, 793, 348, 650, 800, 643, 997, 105, 602, 216, 782, 685, 409, 48, 374, 736, 507, 221, 263, 565, 857, 637, 60, 746, 662, 727, 791], "producto2": [564, 916, 651, 825, 462, 437, 902, 813, 737, 256, 322, 684, 723, 978, 788, 899, 772, 747, 783, 692, 391, 124, 883, 351, 843, 321, 832, 845, 738, 562], "producto3": [463, 731, 454, 695, 128, 314, 712, 843, 51, 697, 720, 454, 240, 588, 224, 438, 260, 950, 764, 499, 508, 816, 661, 794, 627, 710, 322, 978, 223, 9], "producto4": [341, 942, 188, 637, 128, 101, 191, 570, 207, 946, 434, 460, 916, 937, 441, 598, 799, 813, 804, 781, 374, 695, 39, 885, 695, 326, 287, 855, 493, 846], "producto5": [682, 806, 852, 500, 60, 470, 263, 308, 425, 726, 700, 791, 416, 618, 674, 451, 449, 895, 321, 263, 809, 633, 607, 924, 121, 605, 909, 504, 530, 668], "producto6": [134, 246, 461, 752, 559, 646, 150, 455, 518, 939, 314, 136, 349, 724, 521, 188, 716, 949, 856, 20, 224, 109, 763, 811, 814, 187, 198, 553, 947, 289], "producto7": [627, 59, 611, 891, 589, 959, 635, 399, 574, 74, 179, 92, 424, 726, 814, 617, 810, 859, 164, 304, 848, 41, 29, 441, 634, 586, 975, 803, 109, 18], "producto8": [856, 95, 912, 813, 597, 348, 425, 431, 443, 365, 58, 623, 540, 94, 661, 484, 241, 953, 413, 983, 928, 199, 770, 798, 533, 918, 48, 524, 184, 31], "producto9": [600, 823, 382, 205, 856, 915, 251, 781, 99, 396, 958, 281, 31, 644, 989, 457, 808, 364, 884, 152, 873, 305, 192, 500, 64, 119, 451, 523, 657, 466], "producto10": [374, 57, 298, 644, 492, 200, 29, 234, 932, 747, 82, 92, 698, 376, 930, 341, 75, 683, 301, 15, 995, 927, 426, 38, 432, 719, 643, 167, 67, 750], "producto11": [962, 672, 381, 705, 653, 257, 61, 932, 156, 25, 324, 335, 384, 675, 264, 815, 202, 373, 689, 605, 408, 958, 541, 579, 657, 594, 657, 336, 487, 985], "producto12": [58, 982, 515, 192, 927, 681, 369, 562, 473, 443, 973, 130, 649, 639, 913, 652, 863, 62, 203, 917, 689, 904, 555, 504, 271, 207, 621, 772, 900, 8], "producto13": [62, 489, 678, 470, 801, 555, 811, 11, 932, 751, 117, 307, 996, 198, 107, 891, 37, 63, 567, 345, 749, 40, 819, 159, 754, 89, 684, 385, 814, 22], "producto14": [961, 553, 133, 366, 856, 583, 87, 503, 838, 350, 323, 559, 761, 510, 921, 673, 706, 604, 518, 278, 498, 941, 256, 628, 719, 873, 549, 747, 101, 759], "producto15": [362, 833, 471, 900, 146, 266, 125, 363, 231, 504, 414, 94, 127, 386, 852, 329, 705, 575, 265, 385, 836, 971, 348, 103, 385, 256, 108, 586, 154, 577], "producto16": [235, 926, 818, 327, 830, 147, 66, 218, 142, 358, 248, 89, 882, 292, 160, 195, 947, 145, 718, 614, 692, 958, 689, 352, 191, 597, 183, 871, 922, 625], "producto17": [326, 612, 929, 374, 747, 846, 972, 78, 371, 353, 436, 99, 714, 898, 177, 130, 207, 200, 299, 517, 163, 928, 402, 883, 265, 70, 28, 594, 56, 509], "producto18": [904, 651, 714, 34, 622, 861, 906, 397, 234, 295, 33, 286, 908, 786, 299, 970, 750, 233, 162, 941, 10, 415, 684, 699, 510, 793, 284, 399, 18, 626], "producto19": [253, 338, 520, 813, 953, 418, 974, 867, 20, 227, 910, 935, 428, 450, 205, 841, 861, 659, 639, 417, 194, 563, 749, 70, 131, 536, 665, 420, 662, 905]};{"producto0": 3411, "producto1": 4801, "producto2": 5808, "producto3": 6075, "producto4": 5508, "producto5": 5656, "producto6": 5491, "producto7": 6385, "producto8": 5049, "producto9": 3298, "producto10": 3591, "producto11": 4828, "producto12": 6147, "producto13": 3476, "producto14": 5791, "producto15": 3287, "producto16": 3516, "producto17": 5570, "producto18": 5679, "producto19": 5358};{"producto0": 3411, "producto1": 4801, "producto2": 5808, "producto3": 6075, "producto4": 5508, "producto5": 5656, "producto6": 5491, "producto7": 6385, "producto8": 5049, "producto9": 3298, "producto10": 3591, "producto11": 4828, "producto12": 6147, "producto13": 3476, "producto14": 5791, "producto15": 3287, "producto16": 3516, "producto17": 5570, "producto18": 5679, "producto19": 5358}
{"producto0": [530, 775, 307, 233, 392, 54, 859, 692, 954, 368, 505, 546, 111, 84, 575, 790, 562, 675, 202, 470, 652, 490, 450, 896, 218, 41, 670, 545, 532, 203], "producto1": [305, 357, 420, 36, 486, 741, 842, 781, 22, 171, 753, 493, 914, 827, 457, 76, 642, 366, 43, 821, 458, 560, 164, 326, 562, 306, 536, 701, 448, 471], "producto2": [667, 429, 175, 581, 555, 938, 917, 556, 181, 403, 759, 904, 586, 497, 717, 43, 0, 475, 2, 587, 209, 890, 525, 192, 987, 827, 335, 752, 727, 795], "producto3": [418, 62, 797, 191, 495, 480, 614, 878, 396, 525, 906, 437, 218, 302, 442, 637, 441, 334, 705, 901, 176, 577, 609, 771, 727, 369, 730, 739, 257, 271], "producto4": [782, 249, 849, 810, 853, 658, 296, 947, 126, 992, 800, 819, 292, 988, 66, 884, 120, 26, 186, 609, 71, 127, 2, 115, 204, 691, 112, 883, 154, 688], "producto5": [315, 294, 281, 446, 803, 0, 117, 857, 314, 63, 686, 489, 520, 477, 298, 811, 137, 367, 994, 223, 423, 315, 406, 19, 380, 995, 268, 759, 731, 733], "producto6": [906, 354, 721, 361, 748, 75, 9, 412, 269, 574, 620, 256, 508, 566, 527, 762, 240, 384, 831, 729, 432, 399, 737, 424, 242, 562, 70, 382, 753, 324], "producto7": [641, 973, 922, 216, 128, 854, 590, 52, 183, 613, 267, 570, 173, 870, 421, 271, 508, 884, 98, 523, 427, 119, 970, 107, 755, 923, 252, 808, 935, 481], "producto8": [6, 171, 492, 9, 165, 869, 390, 438, 458, 514, 289, 228, 196, 675, 418, 689, 871, 507, 890, 316, 252, 693, 364, 996, 818, 467, 752, 163, 270, 564], "producto9": [654, 665, 966, 307, 164, 260, 228, 815, 239, 540, 351, 545, 386, 887, 61, 690, 937, 910, 14, 991, 938, 680, 662, 734, 610, 333, 564, 668, 619, 21], "producto10": [468, 693, 723, 678, 66, 804, 120, 637, 516, 688, 599, 470, 238, 202, 144, 653, 359, 858, 942, 394, 726, 578, 978, 441, 190, 926, 490, 183, 677, 540], "producto11": [294, 559, 716, 36, 14, 776, 849, 661, 179, 174, 840, 624, 430, 380, 784, 137, 620, 49, 274, 13, 254, 543, 695, 754, 694, 886, 544, 481, 525, 129], "producto12": [165, 68, 452, 632, 148, 409, 645, 536, 795, 962, 153, 489, 858, 925, 851, 915, 225, 588, 519, 788, 928, 758, 234, 410, 361, 438, 313, 359, 558, 821], "producto13": [814, 626, 245, 982, 953, 650, 344, 975, 185, 981, 137, 984, 189, 934, 841, 481, 794, 676, 57, 640, 148, 262, 373, 446, 518, 596, 213, 735, 765, 677], "producto14": [692, 861, 957, 379, 416, 310, 327, 41, 565, 33, 893, 410, 268, 192, 280, 415, 981, 151, 696, 201, 213, 990, 27, 475, 925, 748, 316, 877, 895, 612], "producto15": [61, 830, 268, 766, 22, 680, 807, 198, 782, 644, 50, 933, 233, 799, 400, 573, 855, 60, 949, 303, 506, 155, 306, 229, 851, 357, 361, 391, 375, 78], "producto16": [88, 292, 75, 987, 637, 709, 627, 32, 508, 36, 250, 159, 484, 434, 492, 777, 156, 248, 284, 851, 119, 926, 625, 526, 620, 116, 122, 485, 867, 605], "producto17": [800, 774, 797, 993, 672, 847, 229, 440, 222, 425, 500, 441, 340, 259, 557, 217, 838, 881, 325, 401, 802, 839, 339, 699, 765, 985, 505, 566, 324, 825], "producto18": [253, 723, 863, 80, 334, 971, 140, 265, 368, 914, 271, 596, 529, 182, 179, 977, 969, 213, 679, 811, 811, 283, 542, 242, 3, 196, 342, 375, 235, 850], "producto19": [613, 534, 101, 308, 95, 289, 230, 159, 249, 255, 525, 293, 341, 269, 447, 727, 345, 120, 744, 359, 818, 86, 317, 279, 102, 74, 524, 183, 156, 520]};{"producto0": 4838, "producto1": 5478, "producto2": 5473, "producto3": 5429, "producto4": 4068, "producto5": 3480, "producto6": 4495, "producto7": 5850, "producto8": 3942, "producto9": 4737, "producto10": 5610, "producto11": 5973, "producto12": 4528, "producto13": 5267, "producto14": 5376, "producto15": 3988, "producto16": 2844, "producto17": 6098, "producto18": 4218, "producto19": 4056};{"producto0": 4838, "producto1": 5478, "producto2": 5473, "producto3": 5429, "producto4": 4068, "producto5": 3480, "producto6": 4495, "producto7": 5850, "producto8": 3942, "producto9": 4737, "producto10": 5610, "producto11": 5973, "producto12": 4528, "producto13": 5267, "producto14": 5376, "producto15": 3988, "producto16": 2844, "producto17": 6098, "producto18": 4218, "producto19": 4056}
{"producto0": [421, 360, 881, 599, 647, 903, 774, 572, 306, 805, 844, 887, 275, 369, 812, 623, 753, 837, 548, 134, 758, 891, 636, 33, 160, 406, 552, 821, 108, 891], "producto1": [100, 327, 268, 790, 571, 846, 661, 457, 314, 921, 953, 601, 3, 904, 751, 286, 710, 965, 591, 217, 456, 503, 17, 456, 972, 951, 858, 903, 67, 495], "producto2": [46, 620, 536, 725, 604, 985, 172, 869, 650, 986, 28, 861, 319, 627, 327, 965, 671, 101, 761, 868, 80, 645, 467, 503, 704, 188, 986, 214, 899, 898], "producto3": [918, 692, 435, 601, 384, 291, 766, 651, 684, 746, 216, 577, 502, 315, 596, 569, 618, 340, 356, 854, 528, 54, 471, 738, 385, 16, 794, 761, 260, 256], "producto4": [154, 744, 200, 901, 602, 504, 605, 360, 657, 84, 125, 208, 460, 370, 427, 420, 235, 642, 144, 965, 478, 624, 797, 18, 246, 775, 118, 189, 62, 947], "producto5": [889, 913, 700, 406, 718, 973, 5, 227, 977, 579, 883, 302, 559, 248, 882, 518, 132, 405, 36, 390, 556, 464, 268, 953, 809, 465, 570, 7, 94, 833], "producto6": [141, 48, 712, 330, 477, 461, 582, 874, 260, 609, 247, 18, 531, 776, 919, 420, 587, 95, 852, 850, 89, 185, 619, 939, 983, 975, 64, 435, 887, 31], "producto7": [467, 785, 719, 626, 367, 414, 949, 283, 332, 777, 286, 393, 310, 829, 128, 870, 891, 934, 445, 960, 358, 499, 723, 503, 104, 834, 493, 291, 688, 686], "producto8": [533, 208, 947, 627, 952, 298, 178, 283, 748, 660, 106, 269, 90, 641, 349, 973, 36, 81, 258, 747, 757, 886, 571, 713, 142, 361, 666, 889, 206, 173], "producto9": [418, 698, 895, 101, 362, 127, 498, 342, 744, 850, 176, 317, 605, 50, 215, 648, 909, 125, 81, 756, 359, 27, 900, 805, 250, 114, 742, 81, 705, 514], "producto10": [270, 300, 329, 27, 72, 707, 458, 521, 254, 517, 126, 879, 54, 255, 148, 896, 52, 355, 996, 639, 48, 161, 831, 214, 165, 24, 349, 669, 149, 896], "producto11": [453, 375, 661, 289, 820, 407, 797, 894, 528, 973, 39, 987, 938, 168, 253, 878, 523, 307, 73, 165, 518, 412, 347, 673, 339, 706, 50, 927, 320, 768], "producto12": [877, 42, 635, 132, 297, 203, 985, 893, 888, 197, 901, 833, 922, 757, 239, 552, 496, 589, 583, 610, 401, 999, 163, 187, 278, 771, 950, 617, 903, 294], "producto13": [184, 707, 727, 516, 422, 986, 880, 268, 510, 49, 542, 470, 509, 9, 137, 514, 75, 293, 690, 708, 343, 720, 965, 707, 473, 657, 649, 845, 861, 972], "producto14": [785, 592, 761, 118, 656, 821, 395, 223, 326, 888, 306, 519, 670, 730, 946, 232, 869, 198, 843, 843, 433, 689, 209, 438, 369, 906, 920, 69, 47, 704], "producto15": [105, 406, 368, 220, 95, 70, 161, 962, 54, 171, 276, 583, 49, 305, 543, 288, 649, 910, 227, 103, 777, 183, 616, 524, 31, 14, 290, 653, 165, 485], "producto16": [993, 826, 247, 463, 721, 58, 527, 827, 574, 810, 606, 823, 984, 938, 831, 563, 602, 539, 346, 350, 824, 538, 704, 70, 659, 587, 863, 855, 830, 700], "producto17": [21, 254, 221, 418, 761, 12, 817, 26, 751, 806, 641, 999, 270, 44, 763, 69, 309, 112, 228, 26, 594, 367, 841, 673, 509, 468, 129, 113, 0, 173], "producto18": [458, 122, 318, 437, 385, 619, 10, 811, 823, 764, 740, 545, 198, 497, 963, 797, 936, 412, 953, 828, 696, 686, 818, 40, 93, 684, 579, 780, 704, 281], "producto19": [173, 599, 460, 122, 198, 838, 140, 317, 931, 282, 468, 528, 617, 748, 71, 410, 586, 270, 204, 850, 33, 916, 356, 29, 265, 892, 685, 799, 371, 402]};{"producto0": 5411, "producto1": 6625, "producto2": 6171, "producto3": 5368, "producto4": 5786, "producto5": 3954, "producto6": 5898, "producto7": 5210, "producto8": 5684, "producto9": 6127, "producto10": 4362, "producto11": 4691, "producto12": 6139, "producto13": 5953, "producto14": 6591, "producto15": 3687, "producto16": 5655, "producto17": 2765, "producto18": 6365, "producto19": 3540};{"producto0": 5411, "producto1": 6625, "producto2": 6171, "producto3": 5368, "producto4": 5786, "producto5": 3954, "producto6": 5898, "producto7": 5210, "producto8": 5684, "producto9": 6127, "producto10": 4362, "producto11": 4691, "producto12": 6139, "producto13": 5953, "producto14": 6591, "producto15": 3687, "producto16": 5655, "producto17": 2765, "producto18": 6365, "producto19": 3540}
{"producto0": [424, 144, 279, 798, 289, 802, 887, 147, 12, 635, 578, 564, 764, 501, 126, 413, 402, 90, 227, 593, 436, 587, 862, 964, 718, 98, 190, 114, 547, 49], "producto1": [773, 458, 914, 645, 173, 874, 429, 685, 923, 178, 619, 215, 996, 514, 807, 986, 165, 801, 756, 164, 959, 581, 327, 469, 991, 162, 128, 446, 895, 819], "producto2": [310, 528, 515, 492, 911, 739, 796, 150, 126, 458, 956, 146, 603, 198, 699, 562, 902, 966, 402, 637, 17, 348, 253, 624, 910, 162, 517, 594, 603, 949], "producto3": [186, 768, 796, 457, 369, 529, 269, 418, 345, 372, 616, 637, 945, 258, 172, 758, 857, 890, 410, 127, 42, 811, 161, 687, 702, 833, 810, 562, 537, 372], "producto4": [357, 403, 157, 602, 860, 701, 840, 659, 72, 820, 130, 89, 13, 365, 641, 173, 956, 252, 559, 225, 180, 223, 320, 333, 216, 828, 429, 974, 278, 268], "producto5": [885, 88, 953, 796, 984, 814, 346, 17, 472, 36, 598, 9, 344, 731, 703, 485, 606, 490, 624, 283, 172, 892, 152, 895, 373, 822, 819, 291, 240, 746], "producto6": [662, 829, 762, 165, 804, 677, 204, 145, 666, 213, 780, 668, 550, 629, 954, 531, 556, 499, 216, 682, 535, 504, 85, 816, 887, 728, 798, 731, 574, 995], "producto7": [864, 745, 801, 504, 901, 0, 577, 411, 591, 99, 375, 728, 589, 264, 856, 777, 649, 80, 862, 640, 824, 464, 128, 607, 409, 457, 794, 627, 792, 772], "producto8": [513, 910, 593, 685, 895, 857, 567, 336, 974, 749, 443, 19, 65, 227, 534, 570, 698, 620, 661, 52, 114, 629, 780, 999, 698, 349, 21, 678, 910, 441], "producto9": [74, 880, 100, 554, 281, 221, 994, 965, 322, 78, 509, 840, 156, 438, 240, 509, 116, 193, 454, 178, 672, 980, 459, 406, 364, 908, 848, 490, 289, 258], "producto10": [53, 502, 304, 548, 102, 133, 447, 818, 405, 237, 739, 60, 946, 249, 560, 31, 191, 321, 701, 255, 715, 716, 286, 427, 419, 407, 607, 39, 954, 156], "producto11": [341, 468, 103, 607, 181, 252, 573, 791, 84, 809, 324, 725, 162, 399, 726, 405, 419, 164, 301, 996, 554, 956, 877, 246, 27, 848, 104, 396, 143, 8], "producto12": [455, 959, 18, 299, 963, 484, 558, 318, 810, 685, 294, 994, 918, 701, 859, 854, 97, 763, 945, 138, 552, 900, 745, 147, 401, 831, 703, 67, 278, 784], "producto13": [384, 489, 544, 390, 86, 648, 109, 442, 365, 887, 667, 14, 484, 553, 273, 787, 876, 150, 537, 361, 85, 15, 30, 392, 929, 868, 90, 727, 125, 408], "producto14": [783, 893, 584, 134, 957, 189, 838, 69, 270, 533, 961, 327, 710, 610, 316, 80, 72, 996, 296, 511, 361, 256, 288, 761, 861, 956, 662, 850, 589, 377], "producto15": [512, 885, 886, 181, 162, 600, 695, 369, 321, 519, 160, 125, 114, 949, 970, 655, 290, 996, 224, 2, 347, 995, 939, 91, 39, 350, 186, 561, 11, 394], "producto16": [422, 537, 967, 864, 936, 775, 504, 733, 658, 278, 71, 453, 756, 319, 475, 30, 311, 739, 904, 406, 920, 810, 141, 365, 685, 196, 985, 263, 141, 216], "producto17": [45, 656, 482, 105, 177, 889, 470, 961, 356, 170, 24, 320, 687, 731, 574, 601, 254, 717, 15, 329, 477, 428, 399, 69, 356, 745, 250, 729, 818, 694], "producto18": [670, 683, 411, 260, 600, 267, 616, 323, 232, 600, 754, 82, 365, 889, 532, 765, 352, 566, 621, 518, 994, 101, 555, 608, 745, 811, 668, 977, 536, 730], "producto19": [304, 315, 113, 282, 443, 916, 681, 992, 876, 693, 456, 11, 530, 193, 549, 715, 442, 166, 966, 710, 803, 809, 927, 626, 350, 474, 609, 93, 295, 877]};{"producto0": 4781, "producto1": 5100, "producto2": 5606, "producto3": 5611, "producto4": 3161, "producto5": 5655, "producto6": 5171, "producto7": 6403, "producto8": 5049, "producto9": 4922, "producto10": 4151, "producto11": 2323, "producto12": 5861, "producto13": 3458, "producto14": 5534, "producto15": 4015, "producto16": 5452, "producto17": 4356, "producto18": 6220, "producto19": 5955};{"producto0": 4781, "producto1": 5100, "producto2": 5606, "producto3": 5611, "producto4": 3161, "producto5": 5655, "producto6": 5171, "producto7": 6403, "producto8": 5049, "producto9": 4922, "producto10": 4151, "producto11": 2323, "producto12": 5861, "producto13": 3458, "producto14": 5534, "producto15": 4015, "producto16": 5452, "producto17": 4356, "producto18": 6220, "producto19": 5955}
{"producto0": [315, 222, 280, 584, 610, 775, 702, 815, 951, 409, 783, 961, 701, 569, 987, 779, 222, 611, 365, 544, 82, 388, 707, 205, 393, 363, 235, 865, 542, 535], "producto1": [536, 540, 882, 449, 755, 518, 677, 203, 37, 104, 529, 577, 710, 282, 248, 176, 606, 544, 110, 414, 416, 398, 400, 158, 785, 65, 907, 195, 316, 3], "producto2": [986, 470, 745, 700, 301, 266, 825, 787, 118, 301, 112, 420, 866, 926, 110, 177, 565, 266, 328, 696, 387, 883, 698, 105, 763, 659, 402, 586, 596, 768], "producto3": [436, 486, 210, 349, 681, 416, 597, 452, 154, 457, 816, 418, 487, 760, 264, 700, 147, 653, 752, 515, 901, 688, 915, 175, 716, 553, 868, 379, 851, 39], "producto4": [318, 580, 642, 526, 79, 264, 18, 974, 841, 997, 218, 390, 228, 734, 885, 392, 528, 78, 771, 661, 67, 628, 444, 703, 508, 973, 580, 422, 92, 162], "producto5": [784, 437, 155, 630, 994, 270, 218, 164, 756, 772, 291, 631, 560, 494, 762, 709, 688, 2, 539, 887, 400, 868, 35, 115, 311, 714, 155, 753, 104, 161], "producto6": [589, 675, 441, 688, 822, 224, 910, 316, 652, 305, 990, 606, 838, 588, 216, 874, 373, 348, 50, 893, 698, 580, 286, 414, 540, 875, 906, 961, 963, 401], "producto7": [468, 867, 362, 39, 491, 691, 417, 455, 215, 252, 98, 658, 699, 651, 525, 316, 519, 875, 415, 717, 832, 29, 812, 471, 384, 321, 2, 47, 591, 152], "producto8": [445, 93, 737, 239, 813, 566, 687, 438, 151, 231, 98, 499, 524, 841, 93, 363, 839, 222, 639, 703, 823, 330, 713, 845, 519, 828, 751, 562, 376, 988], "producto9": [99, 640, 449, 516, 66, 165, 233, 63, 443, 35, 908, 188, 558, 929, 325, 324, 463, 518, 77, 405, 531, 671, 701, 426, 644, 896, 746, 13, 950, 76], "producto10": [898, 465, 69, 610, 691, 201, 359, 38, 436, 887, 566, 446, 458, 591, 667, 681, 279, 936, 681, 69, 775, 439, 207, 788, 788, 734, 577, 939, 190, 841], "producto11": [615, 55, 472, 566, 905, 351, 404, 543, 495, 114, 866, 484, 981, 751, 752, 448, 37, 964, 912, 571, 117, 971, 108, 979, 653, 13, 122, 690, 741, 655], "producto12": [992, 570, 445, 199, 304, 992, 96, 174, 76, 481, 829, 731, 612, 811, 918, 730, 974, 370, 494, 995, 525, 185, 772, 504, 226, 194, 348, 434, 611, 546], "producto13": [666, 620, 105, 187, 473, 667, 653, 790, 638, 439, 724, 336, 899, 606, 352, 919, 707, 339, 986, 496, 976, 26, 930, 145, 132, 879, 947, 981, 654, 469], "producto14": [12, 333, 2, 281, 287, 823, 611, 244, 382, 491, 33, 809, 874, 199, 681, 482, 250, 341, 631, 472, 19, 852, 12, 839, 138, 331, 63, 224, 452, 681], "producto15": [562, 378, 529, 789, 517, 486, 103, 466, 462, 426, 289, 28, 417, 747, 708, 892, 252, 365, 404, 853, 903, 297, 807, 508, 540, 212, 737, 109, 616, 743], "producto16": [393, 948, 839, 940, 11, 636, 293, 263, 601, 655, 935, 666, 115, 38, 276, 332, 426, 297, 545, 221, 709, 410, 30, 732, 567, 768, 361, 67, 495, 207], "producto17": [171, 617, 429, 763, 996, 719, 426, 246, 898, 431, 677, 569, 340, 917, 709, 563, 527, 128, 206, 738, 8, 850, 598, 242, 340, 157, 356, 845, 850, 553], "producto18": [104, 28, 492, 104, 6, 790, 736, 234, 755, 292, 634, 278, 441, 813, 780, 110, 924, 576, 762, 783, 521, 641, 50, 809, 749, 87, 475, 744, 446, 536], "producto19": [396, 882, 227, 404, 21, 802, 802, 505, 658, 707, 854, 619, 523, 475, 637, 662, 96, 395, 411, 674, 884, 14, 4, 317, 35, 968, 68, 578, 365, 554]};{"producto0": 6330, "producto1": 5475, "producto2": 4852, "producto3": 5714, "producto4": 4235, "producto5": 5391, "producto6": 6367, "producto7": 4758, "producto8": 4092, "producto9": 3250, "producto10": 6556, "producto11": 4921, "producto12": 5033, "producto13": 6585, "producto14": 3402, "producto15": 5577, "producto16": 4293, "producto17": 5645, "producto18": 4776, "producto19": 4358};{"producto0": 6330, "producto1": 5475, "producto2": 4852, "producto3": 5714, "producto4": 4235, "producto5": 5391, "producto6": 6367, "producto7": 4758, "producto8": 4092, "producto9": 3250, "producto10": 6556, "producto11": 4921, "producto12": 5033, "producto13": 6585, "producto14": 3402, "producto15": 5577, "producto16": 4293, "producto17": 5645, "producto18": 4776, "producto19": 4358}
{"producto0": [355, 287, 23, 526, 3, 69, 178, 129, 814, 940, 542, 109, 862, 237, 926, 950, 12, 634, 960, 546, 17, 717, 199, 966, 477, 156, 88, 450, 819, 652], "producto1": [690, 499, 657, 67, 605, 632, 945, 670, 584, 985, 430, 520, 719, 855, 34, 339, 998, 35, 762, 15, 100, 939, 315, 846, 573, 492, 157, 300, 941, 448], "producto2": [662, 361, 717, 300, 929, 802, 921, 378, 643, 46, 42, 589, 499, 240, 108, 747, 918, 950, 465, 928, 403, 779, 318, 118, 975, 497, 871, 755, 145, 721], "producto3": [316, 338, 421, 87, 476, 645, 54, 897, 811, 355, 688, 779, 80, 77, 410, 458, 607, 599, 503, 805, 592, 670, 777, 121, 840, 677, 748, 655, 62, 958], "producto4": [603, 497, 528, 979, 92, 669, 161, 90, 541, 612, 813, 33, 490, 470, 48, 923, 428, 341, 853, 578, 176, 19, 534, 315, 412, 973, 132, 928, 496, 916], "producto5": [838, 694, 170, 914, 906, 930, 764, 769, 971, 822, 293, 862, 30, 699, 525, 161, 938, 161, 724, 227, 514, 224, 507, 41, 991, 736, 309, 237, 437, 236], "producto6": [84, 883, 224, 214, 330, 242, 499, 679, 598, 521, 668, 496, 792, 990, 935, 823, 373, 585, 473, 416, 142, 597, 304, 311, 644, 584, 822, 432, 840, 795], "producto7": [444, 648, 457, 43, 224, 3, 29, 213, 753, 342, 980, 730, 578, 853, 995, 630, 459, 699, 16, 705, 663, 886, 125, 951, 175, 481, 444, 406, 645, 37], "producto8": [921, 121, 365, 712, 747, 774, 580, 510, 476, 922, 401, 629, 858, 845, 934, 306, 712, 777, 280, 713, 437, 668, 482, 688, 70, 560, 489, 335, 685, 996], "producto9": [580, 378, 397, 981, 744, 345, 942, 613, 749, 347, 443, 87, 272, 166, 194, 704, 584, 320, 185, 549, 766, 15, 675, 452, 750, 213, 76, 193, 49, 834], "producto10": [273, 352, 203, 83, 256, 906, 890, 268, 447, 593, 274, 333, 472, 654, 37, 852, 654, 346, 747, 350, 908, 251, 146, 114, 181, 563, 464, 354, 112, 636], "producto11": [320, 655, 196, 296, 328, 389, 842, 488, 186, 260, 678, 101, 118, 3, 585, 363, 138, 350, 683, 681, 618, 866, 344, 440, 596, 439, 533, 483, 191, 994], "producto12": [612, 144, 941, 604, 155, 538, 129, 542, 790, 278, 124, 443, 141, 112, 233, 661, 2, 568, 244, 905, 188, 545, 649, 109, 163, 368, 211, 616, 945, 272], "producto13": [732, 285, 236, 856, 126, 75, 230, 772, 647, 832, 853, 309, 375, 770, 63, 198, 417, 108, 381, 139, 14, 288, 768, 582, 691, 378, 40, 170, 21, 590], "producto14": [427, 523, 691, 299, 848, 138, 968, 363, 405, 572, 770, 810, 238, 291, 80, 586, 115, 988, 244, 958, 167, 252, 578, 851, 252, 146, 670, 778, 525, 875], "producto15": [606, 228, 771, 111, 423, 149, 281, 923, 95, 454, 472, 161, 277, 167, 301, 141, 643, 114, 541, 361, 508, 163, 902, 284, 586, 378, 692, 585, 281, 873], "producto16": [144, 812, 904, 862, 124, 990, 387, 277, 574, 510, 272, 412, 773, 882, 477, 180, 574, 608, 681, 363, 679, 432, 635, 52, 402, 410, 113, 664, 861, 564], "producto17": [774, 141, 439, 892, 132, 741, 741, 274, 804, 528, 176, 36, 124, 684, 21, 923, 242, 519, 74, 831, 954, 62, 197, 654, 10, 681, 653, 67, 807, 762], "producto18": [38, 852, 952, 933, 426, 791, 810, 320, 373, 362, 335, 779, 927, 246, 954, 442, 373, 772, 600, 861, 474, 62, 887, 996, 999, 270, 352, 21, 401, 875], "producto19": [278, 78, 204, 408, 880, 694, 761, 293, 622, 600, 579, 673, 683, 623, 480, 762, 225, 20, 318, 995, 68, 606, 974, 105, 702, 870, 282, 995, 411, 233]};{"producto0": 5365, "producto1": 3211, "producto2": 5813, "producto3": 5502, "producto4": 4569, "producto5": 4710, "producto6": 7400, "producto7": 5528, "producto8": 7078, "producto9": 4434, "producto10": 5366, "producto11": 4699, "producto12": 4239, "producto13": 3871, "producto14": 5119, "producto15": 4153, "producto16": 5292, "producto17": 5311, "producto18": 6846, "producto19": 4544};{"producto0": 5365, "producto1": 3211, "producto2": 5813, "producto3": 5502, "producto4": 4569, "producto5": 4710, "producto6": 7400, "producto7": 5528, "producto8": 7078, "producto9": 4434, "producto10": 5366, "producto11": 4699, "producto12": 4239, "producto13": 3871, "producto14": 5119, "producto15": 4153, "producto16": 5292, "producto17": 5311, "producto18": 6846, "producto19": 4544}
{"producto0": [426, 269, 890, 556, 535, 256, 881, 981, 576, 655, 160, 644, 836, 551, 775, 429, 475, 141, 178, 79, 182, 209, 506, 560, 892, 524, 109, 950, 390, 438], "producto1": [253, 575, 931, 777, 499, 318, 892, 923, 187, 543, 362, 37, 141, 454, 49, 387, 495, 479, 996, 976, 637, 626, 877, 96, 161, 423, 600, 844, 428, 352], "producto2": [136, 525, 24, 20, 666, 830, 154, 788, 815, 495, 578, 897, 94, 293, 505, 922, 931, 476, 730, 242, 439, 155, 265, 138, 472, 314, 384, 198, 944, 717], "producto3": [908, 997, 166, 572, 404, 890, 554, 140, 463, 955, 715, 951, 472, 941, 245, 925, 892, 800, 165, 46, 921, 354, 460, 519, 139, 911, 168, 45, 649, 137], "producto4": [454, 822, 513, 77, 288, 385, 202, 201, 573, 547, 563, 454, 222, 96, 1, 630, 196, 727, 603, 855, 957, 627, 932, 246, 307, 339, 892, 773, 527, 861], "producto5": [486, 875, 931, 161, 523, 190, 843, 824, 410, 977, 889, 894, 695, 6, 916, 828, 410, 775, 673, 341, 176, 436, 493, 500, 645, 342, 70, 473, 98, 353], "producto6": [271, 391, 983, 494, 549, 546, 490, 177, 605, 406, 216, 565, 699, 678, 857, 509, 48, 288, 781, 240, 333, 161, 805, 961, 471, 630, 844, 515, 257, 784], "producto7": [105, 337, 146, 494, 829, 357, 990, 488, 561, 425, 52, 910, 444, 799, 386, 429, 108, 297, 893, 581, 318, 743, 318, 460, 701, 130, 915, 686, 957, 464], "producto8": [632, 498, 892, 853, 606, 911, 31, 18, 457, 413, 38, 449, 633, 988, 979, 628, 727, 420, 734, 284, 938, 491, 181, 14, 142, 250, 351, 782, 351, 652], "producto9": [16, 570, 633, 346, 905, 18, 128, 536, 301, 953, 240, 157, 222, 429, 190, 346, 9, 411, 343, 152, 413, 144, 170, 244, 686, 436, 769, 474, 307, 795], "producto10": [735, 307, 483, 873, 737, 227, 440, 316, 558, 41, 183, 909, 394, 621, 805, 881, 259, 260, 768, 552, 14, 115, 89, 511, 896, 25, 978, 516, 43, 767], "producto11": [355, 81, 98, 392, 199, 25, 142, 434, 356, 741, 133, 256, 801, 209, 144, 618, 380, 441, 786, 308, 175, 798, 208, 538, 108, 111, 253, 14, 383, 734], "producto12": [477, 488, 958, 765, 300, 862, 28, 903, 472, 691, 78, 906, 950, 48, 733, 419, 694, 255, 620, 973, 554, 943, 434, 146, 867, 928, 366, 766, 187, 78], "producto13": [424, 708, 916, 853, 713, 78, 210, 522, 292, 159, 380, 474, 926, 236, 823, 213, 82, 384, 518, 571, 776, 89, 339, 100, 156, 543, 189, 133, 469, 634], "producto14": [890, 460, 687, 69, 150, 352, 715, 324, 274, 650, 927, 223, 101, 400, 678, 867, 396, 112, 580, 269, 596, 540, 189, 287, 995, 410, 609, 414, 706, 468], "producto15": [588, 643, 645, 433, 175, 805, 687, 846, 58, 76, 546, 189, 913, 647, 666, 541, 582, 708, 340, 313, 579, 158, 597, 982, 789, 581, 507, 433, 291, 218], "producto16": [949, 417, 930, 238, 793, 312, 492, 953, 411, 381, 818, 62, 389, 558, 438, 969, 281, 859, 221, 366, 262, 416, 375, 397, 114, 51, 828, 839, 397, 912], "producto17": [557, 915, 130, 654, 963, 925, 685, 232, 194, 79, 398, 193, 291, 153, 834, 538, 751, 349, 83, 234, 303, 125, 226, 350, 655, 948, 930, 849, 420, 849], "producto18": [75, 656, 616, 968, 175, 162, 725, 519, 498, 213, 417, 286, 881, 641, 314, 491, 49, 847, 421, 109, 567, 262, 59, 752, 246, 700, 615, 713, 938, 861], "producto19": [178, 88, 262, 173, 449, 943, 558, 61, 763, 377, 798, 882, 314, 743, 465, 596, 477, 725, 634, 310, 372, 742, 160, 117, 447, 938, 553, 812, 239, 874]};{"producto0": 4519, "producto1": 5384, "producto2": 4095, "producto3": 5135, "producto4": 4547, "producto5": 5332, "producto6": 4069, "producto7": 5425, "producto8": 4755, "producto9": 3580, "producto10": 5394, "producto11": 3900, "producto12": 5318, "producto13": 4981, "producto14": 4136, "producto15": 4774, "producto16": 5535, "producto17": 5628, "producto18": 3883, "producto19": 5400};{"producto0": 4519, "producto1": 5384, "producto2": 4095, "producto3": 5135, "producto4": 4547, "producto5": 5332, "producto6": 4069, "producto7": 5425, "producto8": 4755, "producto9": 3580, "producto10": 5394, "producto11": 3900, "producto12": 5318, "producto13": 4981, "producto14": 4136, "producto15": 4774, "producto16": 5535, "producto17": 5628, "producto18": 3883, "producto19": 5400}
{"producto0": [809, 635, 325, 580, 921, 299, 526, 89, 912, 228, 284, 905, 67, 757, 329, 363, 651, 407, 518, 263, 595, 995, 628, 986, 317, 439, 401, 293, 90, 322], "producto1": [480, 429, 864, 281, 107, 453, 141, 780, 886, 364, 111, 612, 742, 557, 737, 415, 160, 147, 691, 451, 616, 931, 876, 645, 120, 473, 440, 364, 123, 486], "producto2": [226, 990, 432, 933, 835, 969, 79, 804, 294, 258, 728, 424, 379, 395, 798, 632, 611, 818, 355, 633, 872, 896, 94, 1, 791, 364, 572, 166, 665, 627], "producto3": [203, 602, 187, 971, 655, 690, 196, 320, 871, 742, 606, 785, 394, 916, 304, 358, 511, 571, 71, 997, 331, 911, 995, 264, 533, 401, 87, 850, 54, 575], "producto4": [630, 235, 615, 631, 764, 92, 416, 920, 989, 509, 52, 795, 181, 313, 122, 121, 131, 655, 866, 940, 202, 443, 149, 697, 132, 598, 35, 300, 992, 614], "producto5": [773, 758, 588, 557, 209, 791, 705, 719, 245, 588, 501, 583, 433, 607, 339, 795, 152, 588, 795, 197, 732, 147, 820, 504, 968, 917, 136, 480, 967, 154], "producto6": [180, 152, 253, 735, 717, 706, 227, 240, 451, 639, 59, 998, 47, 180, 765, 434, 577, 80, 497, 741, 960, 414, 276, 400, 681, 449, 218, 754, 648, 198], "producto7": [254, 34, 585, 535, 746, 231, 688, 740, 401, 550, 53, 456, 64, 161, 32, 461, 719, 562, 210, 150, 641, 575, 85, 842, 59, 339, 365, 308, 545, 719], "producto8": [345, 279, 288, 52, 834, 756, 473, 998, 745, 232, 290, 920, 410, 411, 545, 32, 302, 782, 453, 943, 301, 504, 163, 570, 330, 105, 335, 68, 495, 342], "producto9": [697, 100, 479, 318, 266, 913, 585, 752, 413, 774, 694, 207, 287, 276, 150, 856, 674, 253, 544, 648, 49, 602, 980, 922, 592, 325, 130, 258, 289, 645], "producto10": [122, 826, 666, 605, 40, 29, 717, 793, 799, 18, 206, 927, 121, 42, 188, 602, 401, 58, 806, 551, 472, 93, 68, 384, 602, 855, 655, 540, 7, 159], "producto11": [335, 900, 451, 190, 468, 72, 419, 660, 896, 2, 467, 362, 159, 315, 392, 366, 672, 336, 690, 196, 249, 549, 230, 666, 69, 234, 856, 389, 44, 370], "producto12": [35, 407, 434, 102, 435, 11, 579, 290, 853, 778, 560, 200, 226, 899, 604, 802, 139, 27, 338, 288, 463, 604, 926, 713, 498, 424, 82, 786, 613, 561], "producto13": [519, 732, 552, 897, 650, 945, 210, 958, 937, 954, 926, 217, 248, 497, 104, 202, 972, 616, 758, 867, 893, 384, 258, 17, 55, 731, 747, 530, 314, 449], "producto14": [179, 246, 920, 925, 305, 882, 190, 900, 140, 161, 301, 799, 706, 605, 545, 667, 411, 23, 628, 418, 619, 664, 628, 98, 215, 258, 563, 76, 62, 435], "producto15": [876, 314, 570, 635, 958, 257, 962, 254, 85, 491, 734, 355, 566, 193, 555, 585, 895, 511, 769, 636, 961, 555, 403, 133, 471, 142, 404, 508, 83, 401], "producto16": [521, 94, 671, 406, 356, 203, 175, 170, 799, 859, 856, 642, 841, 42, 845, 727, 502, 579, 377, 315, 83, 283, 324, 81, 322, 134, 255, 273, 583, 9], "producto17": [911, 96, 886, 93, 719, 579, 229, 736, 721, 639, 984, 746, 726, 160, 890, 857, 457, 909, 791, 736, 431, 507, 309, 261, 635, 519, 891, 843, 111, 154], "producto18": [884, 598, 358, 848, 554, 300, 467, 371, 290, 564, 132, 256, 762, 226, 607, 869, 569, 572, 614, 856, 620, 316, 578, 827, 365, 380, 203, 760, 896, 420], "producto19": [674, 901, 855, 803, 559, 968, 84, 812, 975, 825, 479, 706, 217, 816, 963, 309, 468, 457, 583, 62, 466, 276, 301, 993, 218, 440, 872, 608, 820, 31]};{"producto0": 4727, "producto1": 4876, "producto2": 5624, "producto3": 3918, "producto4": 5284, "producto5": 5822, "producto6": 5470, "producto7": 3419, "producto8": 4076, "producto9": 5670, "producto10": 3804, "producto11": 4138, "producto12": 4589, "producto13": 5878, "producto14": 4857, "producto15": 6591, "producto16": 4291, "producto17": 6268, "producto18": 5165, "producto19": 6964};{"producto0": 4727, "producto1": 4876, "producto2": 5624, "producto3": 3918, "producto4": 5284, "producto5": 5822, "producto6": 5470, "producto7": 3419, "producto8": 4076, "producto9": 5670, "producto10": 3804, "producto11": 4138, "producto12": 4589, "producto13": 5878, "producto14": 4857, "producto15": 6591, "producto16": 4291, "producto17": 6268, "producto18": 5165, "producto19": 6964}
{"producto0": [488, 877, 233, 805, 379, 591, 760, 694, 867, 287, 904, 613, 169, 983, 446, 851, 884, 131, 811, 557, 182, 822, 180, 450, 527, 140, 366, 215, 381, 993], "producto1": [793, 261, 848, 539, 954, 413, 617, 449, 530, 509, 17, 698, 248, 891, 180, 969, 527, 782, 69, 397, 741, 180, 548, 693, 796, 812, 401, 720, 66, 205], "producto2": [810, 645, 524, 91, 485, 268, 834, 357, 10, 329, 679, 711, 525, 275, 851, 149, 137, 589, 819, 459, 785, 55, 926, 280, 29, 11, 401, 874, 150, 620], "producto3": [189, 114, 26, 619, 279, 929, 908, 795, 747, 490, 546, 486, 316, 292, 913, 571, 753, 542, 644, 511, 580, 694, 383, 560, 585, 877, 188, 487, 854, 649], "producto4": [783, 92, 913, 414, 195, 717, 889, 505, 331, 666, 212, 658, 628, 271, 29, 282, 191, 560, 233, 579, 350, 895, 83, 208, 711, 350, 964, 909, 284, 286], "producto5": [158, 855, 242, 660, 379, 768, 499, 36, 617, 8, 269, 571, 492, 601, 608, 880, 516, 169, 258, 543, 816, 395, 483, 664, 827, 709, 527, 508, 866, 678], "producto6": [848, 373, 97, 589, 30, 578, 67, 605, 219, 811, 751, 450, 618, 181, 995, 206, 799, 325, 795, 301, 943, 599, 58, 244, 75, 610, 556, 80, 341, 719], "producto7": [439, 216, 506, 311, 688, 201, 413, 130, 622, 427, 108, 769, 174, 701, 63, 264, 163, 596, 305, 996, 783, 526, 279, 872, 206, 811, 59, 946, 922, 432], "producto8": [219, 967, 888, 863, 570, 686, 119, 823, 514, 104, 717, 151, 435, 26, 40, 117, 358, 74, 574, 761, 693, 850, 964, 907, 653, 734, 227, 316, 208, 531], "producto9": [342, 591, 149, 696, 524, 280, 972, 894, 313, 65, 233, 214, 145, 379, 435, 104, 719, 838, 641, 432, 692, 504, 276, 885, 818, 266, 173, 818, 828, 407], "producto10": [996, 414, 292, 155, 918, 71, 427, 403, 462, 852, 197, 923, 163, 467, 475, 760, 909, 190, 54, 265, 746, 380, 48, 333, 427, 990, 333, 153, 67, 72], "producto11": [17, 666, 835, 211, 726, 964, 892, 522, 416, 121, 249, 33, 237, 995, 969, 524, 69, 583, 457, 533, 890, 823, 253, 308, 465, 898, 475, 75, 658, 264], "producto12": [403, 898, 79, 335, 527, 658, 380, 964, 562, 546, 96, 454, 103, 433, 339, 783, 552, 127, 879, 223, 718, 357, 541, 932, 684, 413, 464, 244, 101, 289], "producto13": [108, 462, 834, 271, 330, 839, 211, 199, 140, 204, 748, 803, 578, 784, 439, 105, 748, 156, 632, 519, 98, 719, 565, 214, 966, 346, 466, 439, 320, 263], "producto14": [29, 666, 890, 658, 731, 804, 35, 576, 279, 723, 515, 73, 730, 149, 845, 123, 746, 554, 499, 398, 248, 0, 852, 471, 770, 714, 792, 999, 467, 51], "producto15": [182, 863, 195, 526, 592, 62, 917, 48, 335, 120, 89, 212, 890, 959, 855, 344, 960, 476, 846, 384, 25, 413, 67, 916, 608, 873, 108, 368, 897, 15], "producto16": [713, 734, 476, 917, 570, 483, 117, 974, 528, 166, 653, 383, 267, 793, 952, 118, 439, 583, 914, 611, 211, 536, 492, 552, 817, 557, 294, 897, 713, 654], "producto17": [769, 286, 146, 293, 192, 35, 680, 371, 502, 482, 111, 548, 324, 908, 765, 504, 896, 671, 92, 799, 948, 402, 154, 348, 481, 217, 145, 439, 637, 388], "producto18": [167, 509, 727, 229, 60, 37, 256, 863, 48, 450, 758, 37, 693, 568, 547, 154, 892, 945, 669, 481, 713, 746, 981, 349, 334, 934, 956, 913, 944, 872], "producto19": [93, 320, 438, 541, 850, 78, 455, 260, 497, 225, 989, 170, 309, 66, 768, 854, 515, 884, 781, 669, 224, 976, 1, 517, 631, 149, 193, 496, 697, 507]};{"producto0": 5577, "producto1": 5257, "producto2": 4610, "producto3": 5825, "producto4": 4913, "producto5": 4829, "producto6": 4600, "producto7": 4303, "producto8": 4227, "producto9": 3823, "producto10": 5029, "producto11": 4145, "producto12": 5095, "producto13": 4603, "producto14": 4231, "producto15": 3580, "producto16": 5922, "producto17": 4485, "producto18": 5806, "producto19": 3265};{"producto0": 5577, "producto1": 5257, "producto2": 4610, "producto3": 5825, "producto4": 4913, "producto5": 4829, "producto6": 4600, "producto7": 4303, "producto8": 4227, "producto9": 3823, "producto10": 5029, "producto11": 4145, "producto12": 5095, "producto13": 4603, "producto14": 4231, "producto15": 3580, "producto16": 5922, "producto17": 4485, "producto18": 5806, "producto19": 3265}
{"producto0": [606, 659, 758, 370, 306, 363, 617, 626, 477, 177, 687, 957, 782, 314, 181, 642, 366, 691, 10, 966, 501, 745, 702, 23, 75, 968, 331, 329, 151, 886], "producto1": [373, 90, 813, 821, 995, 924, 323, 725, 569, 702, 388, 110, 479, 988, 489, 60, 261, 291, 676, 755, 248, 562, 197, 143, 280, 223, 704, 541, 148, 826], "producto2": [215, 368, 591, 201, 748, 77, 105, 352, 755, 193, 37, 467, 149, 186, 984, 705, 574, 551, 935, 8, 67, 807, 296, 29, 797, 115, 284, 689, 749, 570], "producto3": [111, 137, 994, 828, 477, 991, 581, 973, 869, 485, 385, 899, 107, 330, 903, 874, 74, 648, 181, 463, 447, 161, 698, 385, 97, 958, 874, 953, 171, 69], "producto4": [247, 764, 48, 956, 790, 321, 131, 159, 172, 796, 201, 407, 634, 348, 98, 697, 349, 126, 449, 300, 424, 840, 87, 563, 810, 172, 839, 656, 108, 444], "producto5": [903, 795, 161, 630, 125, 232, 499, 274, 470, 149, 649, 430, 251, 598, 77, 488, 844, 527, 270, 453, 117, 547, 303, 377, 223, 158, 477, 919, 130, 152], "producto6": [143, 545, 330, 94, 244, 435, 287, 481, 743, 342, 580, 970, 767, 197, 983, 681, 980, 222, 405, 631, 538, 365, 901, 548, 243, 855, 587, 967, 322, 955], "producto7": [44, 240, 450, 933, 307, 362, 159, 808, 190, 982, 134, 741, 144, 276, 260, 771, 337, 993, 99, 462, 902, 903, 424, 900, 485, 364, 975, 134, 514, 597], "producto8": [931, 437, 177, 542, 922, 349, 664, 917, 716, 807, 326, 697, 744, 344, 806, 282, 648, 928, 607, 998, 141, 179, 255, 705, 784, 247, 255, 272, 368, 586], "producto9": [960, 758, 266, 258, 74, 50, 478, 106, 445, 418, 548, 46, 328, 114, 633, 138, 660, 735, 622, 3, 231, 168, 947, 289, 324, 922, 739, 153, 859, 292], "producto10": [886, 29, 238, 223, 321, 101, 901, 647, 778, 517, 483, 886, 838, 260, 528, 954, 433, 444, 797, 251, 44, 924, 655, 939, 626, 451, 227, 884, 163, 292], "producto11": [965, 199, 689, 631, 668, 760, 500, 85, 19, 745, 188, 683, 998, 675, 152, 770, 849, 437, 210, 506, 204, 683, 78, 717, 80, 910, 493, 724, 434, 655], "producto12": [472, 157, 840, 30, 146, 28, 440, 480, 875, 306, 765, 370, 225, 63, 999, 831, 341, 795, 439, 831, 827, 120, 715, 515, 519, 868, 469, 342, 260, 773], "producto13": [966, 619, 76, 687, 416, 227, 120, 329, 36, 521, 585, 9, 688, 694, 291, 945, 898, 396, 907, 993, 418, 667, 171, 937, 965, 149, 401, 19, 910, 808], "producto14": [44, 685, 380, 324, 747, 682, 401, 386, 840, 615, 435, 309, 634, 574, 543, 123, 497, 518, 786, 247, 127, 308, 193, 450, 114, 834, 658, 187, 669, 467], "producto15": [627, 991, 540, 197, 902, 659, 196, 71, 425, 722, 271, 297, 905, 416, 31, 989, 53, 763, 142, 480, 715, 546, 781, 646, 671, 789, 225, 657, 497, 100], "producto16": [646, 356, 14, 397, 377, 966, 991, 751, 777, 318, 445, 142, 352, 826, 261, 13, 198, 896, 95, 955, 158, 374, 232, 745, 943, 277, 162, 473, 351, 921], "producto17": [654, 967, 781, 514, 449, 522, 724, 728, 699, 541, 253, 971, 176, 547, 275, 266, 935, 196, 365, 801, 418, 887, 312, 411, 26, 193, 425, 233, 961, 270], "producto18": [295, 657, 30, 254, 264, 839, 681, 629, 71, 417, 819, 691, 590, 450, 955, 829, 301, 974, 78, 607, 644, 268, 365, 990, 323, 380, 747, 308, 316, 578], "producto19": [474, 439, 377, 652, 994, 621, 883, 524, 694, 982, 106, 983, 546, 15, 894, 308, 255, 201, 543, 74, 924, 879, 503, 795, 356, 890, 989, 320, 855, 489]};{"producto0": 5644, "producto1": 4086, "producto2": 4578, "producto3": 4592, "producto4": 4890, "producto5": 3629, "producto6": 4977, "producto7": 6125, "producto8": 5890, "producto9": 4278, "producto10": 4359, "producto11": 5144, "producto12": 4423, "producto13": 5623, "producto14": 4457, "producto15": 4306, "producto16": 5587, "producto17": 5292, "producto18": 5101, "producto19": 6706};{"producto0": 5644, "producto1": 4086, "producto2": 4578, "producto3": 4592, "producto4": 4890, "producto5": 3629, "producto6": 4977, "producto7": 6125, "producto8": 5890, "producto9": 4278, "producto10": 4359, "producto11": 5144, "producto12": 4423, "producto13": 5623, "producto14": 4457, "producto15": 4306, "producto16": 5587, "producto17": 5292, "producto18": 5101, "producto19": 6706}
{"producto0": [937, 252, 386, 687, 165, 79, 585, 676, 537, 185, 885, 334, 511, 386, 349, 261, 292, 666, 541, 652, 664, 799, 305, 134, 991, 645, 798, 382, 368, 35], "producto1": [991, 713, 61, 621, 865, 487, 952, 466, 206, 982, 495, 986, 0, 744, 182, 645, 415, 345, 816, 304, 679, 888, 892, 435, 464, 914, 314, 733, 634, 125], "producto2": [701, 706, 879, 526, 2, 17, 312, 991, 177, 221, 991, 108, 918, 267, 991, 263, 228, 29, 993, 947, 29, 69, 30, 936, 188, 693, 859, 229, 445, 204], "producto3": [107, 337, 370, 923, 650, 692, 481, 148, 748, 303, 390, 411, 973, 581, 894, 123, 260, 771, 160, 234, 20, 190, 96, 739, 37, 717, 645, 178, 282, 823], "producto4": [516, 952, 431, 58, 185, 80, 285, 176, 58, 924, 707, 540, 222, 69, 426, 171, 42, 514, 397, 610, 719, 364, 65, 304, 741, 565, 685, 73, 310, 110], "producto5": [127, 904, 665, 571, 718, 38, 744, 794, 107, 62, 758, 606, 795, 139, 177, 626, 461, 754, 512, 599, 948, 423, 302, 863, 921, 508, 350, 638, 720, 457], "producto6": [753, 930, 945, 823, 559, 550, 502, 968, 300, 799, 863, 856, 993, 779, 642, 788, 92, 323, 709, 169, 358, 938, 740, 627, 991, 483, 69, 845, 692, 614], "producto7": [163, 589, 470, 872, 494, 32, 410, 300, 444, 524, 929, 910, 377, 135, 684, 32, 232, 222, 150, 131, 241, 338, 81, 955, 290, 776, 791, 695, 100, 187], "producto8": [580, 433, 607, 951, 732, 937, 777, 240, 117, 711, 444, 138, 761, 196, 514, 627, 232, 1, 714, 735, 474, 227, 658, 762, 466, 504, 545, 439, 211, 803], "producto9": [663, 707, 695, 709, 953, 576, 180, 676, 557, 841, 857, 354, 883, 557, 154, 753, 980, 292, 509, 799, 331, 800, 846, 266, 249, 815, 639, 912, 668, 968], "producto10": [941, 457, 627, 464, 514, 26, 392, 689, 146, 363, 32, 386, 163, 943, 133, 289, 312, 518, 492, 839, 309, 319, 561, 884, 192, 493, 989, 722, 668, 257], "producto11": [907, 599, 804, 384, 575, 618, 167, 422, 258, 726, 331, 485, 972, 247, 532, 702, 193, 633, 421, 574, 244, 469, 720, 767, 69, 104, 986, 65, 873, 421], "producto12": [963, 748, 37, 495, 570, 133, 804, 243, 647, 859, 879, 884, 668, 285, 774, 747, 407, 437, 214, 669, 83, 760, 351, 510, 976, 608, 79, 637, 362, 319], "producto13": [610, 648, 168, 681, 452, 480, 555, 426, 252, 302, 390, 164, 103, 118, 771, 962, 273, 965, 562, 725, 653, 488, 841, 332, 358, 626, 287, 195, 658, 360], "producto14": [892, 331, 494, 283, 954, 539, 384, 47, 459, 796, 480, 496, 517, 480, 299, 100, 276, 980, 13, 270, 124, 721, 293, 887, 20, 777, 478, 217, 115, 936], "producto15": [132, 131, 220, 780, 749, 145, 404, 807, 174, 461, 291, 44, 372, 446, 87, 996, 970, 162, 691, 217, 814, 494, 189, 882, 531, 494, 107, 199, 308, 731], "producto16": [843, 963, 288, 118, 250, 273, 745, 985, 744, 492, 47, 430, 482, 382, 637, 965, 98, 749, 443, 235, 929, 157, 382, 989, 925, 836, 799, 134, 709, 950], "producto17": [932, 686, 450, 221, 510, 961, 217, 567, 84, 518, 798, 421, 568, 615, 42, 458, 998, 824, 384, 949, 459, 416, 986, 740, 135, 788, 397, 145, 523, 351], "producto18": [141, 993, 502, 77, 710, 116, 214, 698, 568, 826, 374, 328, 473, 987, 401, 685, 86, 500, 465, 351, 817, 7, 373, 446, 977, 643, 145, 132, 973, 461], "producto19": [606, 476, 661, 724, 331, 792, 703, 857, 375, 946, 246, 792, 585, 633, 771, 910, 937, 708, 216, 860, 388, 591, 637, 876, 938, 383, 603, 617, 764, 744]};{"producto0": 4701, "producto1": 5853, "producto2": 4985, "producto3": 5721, "producto4": 3713, "producto5": 5473, "producto6": 6415, "producto7": 5797, "producto8": 5957, "producto9": 5410, "producto10": 3605, "producto11": 4364, "producto12": 5059, "producto13": 4503, "producto14": 3607, "producto15": 4147, "producto16": 4952, "producto17": 4715, "producto18": 5867, "producto19": 6613};{"producto0": 4701, "producto1": 5853, "producto2": 4985, "producto3": 5721, "producto4": 3713, "producto5": 5473, "producto6": 6415, "producto7": 5797, "producto8": 5957, "producto9": 5410, "producto10": 3605, "producto11": 4364, "producto12": 5059, "producto13": 4503, "producto14": 3607, "producto15": 4147, "producto16": 4952, "producto17": 4715, "producto18": 5867, "producto19": 6613}
{"producto0": [218, 292, 131, 923, 958, 264, 628, 42, 97, 963, 962, 691, 993, 181, 983, 196, 364, 208, 881, 655, 739, 990, 50, 729, 154, 987, 904, 58, 764, 244], "producto1": [771, 689, 868, 719, 717, 6, 539, 43, 740, 833, 560, 469, 72, 778, 402, 760, 107, 559, 665, 708, 914, 64, 767, 868, 286, 913, 969, 994, 41, 519], "producto2": [262, 47, 814, 321, 925, 949, 205, 832, 609, 455, 390, 205, 134, 156, 1, 619, 662, 514, 851, 633, 980, 30, 955, 95, 291, 333, 536, 884, 51, 77], "producto3": [111, 409, 412, 312, 143, 509, 921, 863, 821, 784, 790, 705, 311, 704, 474, 971, 981, 604, 849, 323, 640, 782, 632, 291, 657, 4, 895, 218, 972, 126], "producto4": [884, 884, 979, 294, 868, 145, 806, 136, 435, 781, 816, 123, 698, 254, 242, 674, 826, 438, 428, 832, 960, 325, 432, 468, 725, 709, 51, 940, 805, 98], "producto5": [670, 512, 48, 547, 741, 505, 760, 188, 252, 405, 159, 371, 64, 529, 87, 318, 948, 331, 481, 207, 648, 959, 143, 818, 817, 97, 620, 160, 274, 718], "producto6": [905, 321, 129, 324, 300, 853, 703, 124, 40, 929, 300, 963, 959, 608, 598, 944, 723, 888, 244, 600, 165, 181, 646, 307, 823, 503, 458, 911, 840, 799], "producto7": [813, 473, 699, 271, 110, 160, 195, 895, 825, 768, 765, 953, 31, 422, 355, 37, 949, 280, 911, 526, 450, 897, 248, 979, 202, 556, 400, 959, 510, 844], "producto8": [723, 121, 524, 170, 219, 339, 425, 568, 391, 691, 765, 36, 863, 197, 393, 708, 776, 625, 502, 477, 419, 60, 962, 762, 608, 368, 641, 408, 515, 841], "producto9": [860, 554, 575, 999, 849, 294, 739, 252, 278, 986, 751, 15, 118, 457, 300, 748, 755, 571, 672, 617, 390, 911, 192, 704, 870, 140, 462, 707, 88, 507], "producto10": [143, 345, 178, 847, 631, 780, 2, 62, 279, 549, 98, 856, 713, 224, 99, 612, 165, 772, 341, 453, 125, 168, 791, 101, 294, 237, 516, 790, 951, 85], "producto11": [494, 781, 949, 308, 348, 979, 498, 991, 344, 744, 723, 715, 52, 471, 345, 827, 1, 930, 221, 680, 308, 754, 838, 329, 581, 879, 867, 709, 65, 537], "producto12": [457, 683, 615, 117, 139, 590, 702, 908, 461, 619, 21, 850, 566, 565, 521, 321, 838, 736, 37, 552, 682, 136, 217, 362, 174, 453, 185, 618, 757, 86], "producto13": [528, 310, 195, 166, 529, 607, 58, 74, 283, 598, 984, 201, 739, 8, 436, 972, 23, 639, 126, 354, 256, 919, 912, 263, 152, 425, 278, 475, 796, 984], "producto14": [640, 117, 325, 551, 9, 171, 185, 998, 354, 251, 443, 684, 637, 809, 471, 291, 744, 202, 443, 426, 228, 275, 194, 363, 376, 917, 661, 841, 613, 686], "producto15": [812, 469, 490, 660, 81, 987, 235, 422, 673, 753, 51, 812, 700, 413, 546, 473, 771, 326, 126, 845, 640, 205, 31, 154, 878, 25, 63, 791, 595, 790], "producto16": [920, 729, 405, 475, 429, 622, 696, 130, 785, 89, 749, 389, 19, 946, 170, 680, 10, 722, 272, 240, 722, 737, 895, 438, 484, 297, 308, 724, 373, 576], "producto17": [592, 66, 190, 648, 291, 948, 197, 947, 496, 684, 330, 386, 578, 780, 879, 139, 117, 815, 252, 285, 821, 879, 509, 575, 958, 906, 375, 1, 238, 655], "producto18": [706, 678, 657, 64, 139, 536, 289, 482, 692, 943, 595, 271, 250, 60, 726, 915, 240, 393, 900, 596, 991, 849, 248, 497, 69, 106, 585, 607, 998, 894], "producto19": [712, 650, 687, 638, 54, 433, 263, 399, 613, 578, 88, 100, 989, 980, 812, 918, 421, 931, 742, 721, 328, 212, 56, 437, 437, 695, 174, 326, 860, 185]};{"producto0": 4688, "producto1": 5017, "producto2": 5105, "producto3": 5782, "producto4": 6222, "producto5": 5134, "producto6": 4922, "producto7": 5075, "producto8": 4241, "producto9": 5519, "producto10": 4570, "producto11": 6727, "producto12": 5242, "producto13": 4438, "producto14": 5216, "producto15": 5316, "producto16": 4848, "producto17": 3997, "producto18": 4986, "producto19": 5528};{"producto0": 4688, "producto1": 5017, "producto2": 5105, "producto3": 5782, "producto4": 6222, "producto5": 5134, "producto6": 4922, "producto7": 5075, "producto8": 4241, "producto9": 5519, "producto10": 4570, "producto11": 6727, "producto12": 5242, "producto13": 4438, "producto14": 5216, "producto15": 5316, "producto16": 4848, "producto17": 3997, "producto18": 4986, "producto19": 5528}
{"producto0": [72, 984, 177, 654, 995, 446, 494, 380, 595, 525, 99, 812, 970, 830, 749, 423, 457, 16, 911, 985, 764, 782, 749, 929, 689, 507, 305, 914, 42, 292], "producto1": [177, 979, 980, 364, 423, 276, 965, 165, 390, 480, 620, 241, 205, 253, 880, 752, 492, 955, 50, 242, 743, 801, 379, 207, 772, 455, 695, 329, 302, 954], "producto2": [459, 318, 226, 239, 280, 464, 633, 696, 263, 121, 583, 197, 240, 99, 743, 520, 702, 240, 879, 666, 487, 158, 957, 425, 296, 927, 215, 478, 65, 984], "producto3": [14, 160, 424, 628, 791, 364, 385, 600, 952, 779, 546, 586, 148, 575, 519, 226, 877, 289, 928, 120, 770, 579, 10, 889, 195, 661, 56, 532, 659, 836], "producto4": [772, 713, 406, 24, 877, 37, 669, 722, 522, 91, 402, 124, 869, 379, 88, 229, 100, 723, 285, 445, 764, 777, 774, 945, 542, 354, 471, 697, 64, 813], "producto5": [61, 52, 305, 530, 526, 560, 239, 73, 107, 743, 523, 181, 404, 415, 506, 367, 651, 520, 328, 665, 491, 832, 15, 31, 627, 988, 502, 477, 338, 108], "producto6": [814, 576, 338, 988, 218, 81, 23, 502, 736, 323, 497, 658, 882, 646, 266, 128, 165, 263, 264, 630, 726, 549, 588, 331, 543, 790, 752, 35, 418, 176], "producto7": [700, 845, 733, 762, 800, 718, 256, 35, 629, 576, 815, 87, 664, 115, 563, 11, 418, 664, 722, 142, 95, 760, 496, 868, 194, 543, 869, 882, 254, 753], "producto8": [930, 168, 318, 78, 890, 244, 78, 467, 890, 374, 967, 982, 10, 480, 968, 968, 945, 698, 405, 149, 484, 154, 934, 221, 250, 343, 447, 848, 468, 987], "producto9": [583, 319, 722, 800, 847, 249, 343, 952, 125, 940, 278, 511, 13, 269, 36, 113, 565, 309, 356, 921, 525, 517, 751, 848, 690, 941, 977, 955, 356, 465], "producto10": [972, 425, 819, 115, 520, 123, 108, 517, 11, 596, 135, 338, 244, 176, 944, 249, 716, 261, 680, 197, 311, 102, 204, 704, 109, 796, 795, 531, 971, 897], "producto11": [462, 751, 300, 741, 713, 935, 581, 158, 46, 851, 78, 671, 328, 167, 909, 654, 664, 725, 863, 75, 820, 49, 118, 325, 629, 852, 757, 747, 257, 504], "producto12": [243, 158, 620, 605, 945, 298, 602, 704, 930, 190, 618, 50, 561, 575, 774, 80, 438, 213, 191, 766, 300, 820, 134, 35, 609, 109, 283, 226, 585, 66], "producto13": [705, 981, 109, 943, 382, 887, 129, 337, 439, 823, 471, 296, 831, 459, 101, 802, 59, 586, 917, 556, 13, 218, 493, 106, 112, 169, 158, 565, 596, 922], "producto14": [375, 564, 342, 184, 542, 61, 875, 689, 952, 808, 142, 168, 714, 497, 93, 601, 246, 315, 849, 857, 12, 762, 551, 82, 304, 686, 994, 338, 786, 525], "producto15": [425, 42, 911, 84, 557, 532, 220, 954, 847, 374, 919, 322, 568, 60, 38, 4, 356, 69, 651, 81, 975, 663, 37, 618, 253, 433, 439, 742, 661, 591], "producto16": [178, 847, 384, 167, 156, 963, 772, 845, 861, 701, 832, 479, 327, 349, 788, 755, 537, 122, 67, 135, 267, 148, 584, 796, 180, 1, 288, 966, 698, 841], "producto17": [55, 173, 518, 561, 617, 887, 967, 909, 113, 218, 483, 800, 333, 843, 893, 652, 97, 310, 434, 257, 589, 541, 175, 403, 552, 131, 982, 161, 239, 738], "producto18": [474, 970, 685, 520, 352, 29, 268, 253, 954, 555, 931, 245, 357, 999, 281, 570, 574, 644, 311, 433, 549, 165, 529, 992, 40, 890, 704, 300, 834, 849], "producto19": [530, 206, 316, 352, 888, 420, 117, 474, 67, 326, 548, 94, 717, 420, 288, 644, 224, 693, 613, 170, 968, 274, 778, 613, 740, 1, 849, 541, 623, 820]};{"producto0": 5998, "producto1": 5566, "producto2": 5824, "producto3": 6186, "producto4": 4818, "producto5": 3195, "producto6": 4077, "producto7": 5298, "producto8": 5079, "producto9": 5460, "producto10": 5029, "producto11": 5643, "producto12": 4585, "producto13": 5122, "producto14": 4675, "producto15": 5357, "producto16": 5235, "producto17": 2902, "producto18": 6306, "producto19": 3347};{"producto0": 5998, "producto1": 5566, "producto2": 5824, "producto3": 6186, "producto4": 4818, "producto5": 3195, "producto6": 4077, "producto7": 5298, "producto8": 5079, "producto9": 5460, "producto10": 5029, "producto11": 5643, "producto12": 4585, "producto13": 5122, "producto14": 4675, "producto15": 5357, "producto16": 5235, "producto17": 2902, "producto18": 6306, "producto19": 3347}
{"producto0": [577, 264, 83, 891, 236, 803, 75, 309, 396, 447, 821, 589, 676, 113, 61, 21, 714, 558, 960, 888, 460, 388, 744, 305, 991, 121, 498, 816, 354, 352], "producto1": [643, 805, 583, 765, 836, 940, 513, 692, 321, 6, 781, 925, 127, 832, 509, 387, 713, 360, 786, 916, 831, 398, 352, 576, 980, 362, 818, 172, 885, 481], "producto2": [951, 808, 262, 185, 452, 379, 757, 724, 954, 792, 361, 484, 268, 582, 443, 341, 892, 223, 49, 456, 648, 59, 216, 553, 176, 721, 996, 446, 149, 531], "producto3": [758, 539, 834, 464, 631, 211, 732, 576, 163, 643, 15, 477, 526, 355, 421, 402, 807, 13, 575, 548, 409, 111, 155, 908, 35, 788, 900, 286, 889, 441], "producto4": [374, 47, 866, 432, 285, 950, 713, 728, 488, 144, 807, 820, 69, 529, 518, 559, 512, 26, 248, 380, 400, 679, 958, 627, 507, 231, 276, 645, 87, 542], "producto5": [942, 93, 545, 906, 510, 554, 876, 520, 128, 785, 375, 486, 618, 825, 730, 387, 837, 496, 611, 560, 16, 836, 213, 899, 471, 670, 842, 967, 403, 968], "producto6": [852, 803, 907, 386, 158, 640, 294, 754, 288, 506, 30, 279, 643, 657, 258, 524, 584, 420, 172, 618, 886, 404, 801, 549, 333, 630, 509, 967, 288, 506], "producto7": [13, 832, 336, 921, 605, 329, 27, 6, 443, 187, 4, 761, 997, 771, 201, 523, 399, 137, 484, 982, 640, 647, 439, 863, 536, 478, 357, 361, 307, 326], "producto8": [535, 212, 711, 779, 34, 545, 181, 718, 965, 710, 501, 630, 858, 47, 170, 525, 552, 53, 925, 159, 189, 771, 22, 97, 909, 705, 35, 471, 441, 53], "producto9": [773, 352, 15, 669, 646, 181, 738, 56, 768, 522, 407, 400, 621, 345, 121, 643, 548, 927, 330, 222, 820, 991, 14, 512, 951, 941, 281, 511, 654, 412], "producto10": [195, 231, 25, 601, 543, 190, 758, 807, 82, 407, 798, 75, 576, 395, 497, 9, 210, 486, 804, 412, 900, 237, 368, 39, 143, 572, 807, 465, 803, 186], "producto11": [276, 691, 935, 942, 624, 112, 816, 658, 698, 896, 698, 538, 159, 994, 919, 744, 679, 557, 614, 49, 749, 342, 150, 151, 210, 931, 41, 84, 829, 253], "producto12": [861, 292, 310, 356, 752, 386, 349, 930, 495, 784, 108, 174, 357, 260, 953, 824, 677, 512, 449, 129, 112, 937, 587, 930, 849, 908, 422, 317, 790, 655], "producto13": [321, 401, 781, 590, 491, 103, 658, 647, 992, 220, 472, 361, 598, 390, 273, 669, 727, 810, 544, 118, 71, 414, 681, 189, 109, 969, 848, 898, 995, 254], "producto14": [268, 399, 885, 629, 55, 146, 871, 235, 434, 964, 102, 967, 332, 718, 723, 437, 7, 633, 942, 873, 804, 581, 701, 976, 512, 128, 50, 121, 706, 324], "producto15": [914, 950, 78, 661, 448, 153, 501, 840, 270, 100, 998, 283, 614, 734, 373, 681, 545, 867, 189, 804, 356, 746, 83, 325, 616, 387, 451, 73, 559, 762], "producto16": [527, 191, 216, 959, 516, 109, 431, 234, 801, 593, 806, 679, 256, 260, 967, 275, 65, 90, 274, 76, 612, 410, 283, 660, 545, 707, 360, 692, 543, 189], "producto17": [505, 730, 479, 1, 362, 527, 913, 747, 961, 433, 607, 859, 223, 981, 762, 645, 207, 350, 576, 504, 721, 780, 920, 666, 972, 687, 187, 233, 35, 183], "producto18": [796, 128, 990, 163, 516, 681, 376, 529, 689, 803, 306, 103, 940, 540, 272, 435, 10, 2, 757, 762, 278, 304, 72, 667, 825, 926, 285, 954, 324, 566], "producto19": [631, 701, 401, 13, 664, 562, 40, 316, 481, 200, 267, 94, 97, 387, 230, 314, 23, 428, 845, 119, 349, 94, 818, 211, 331, 937, 129, 512, 114, 140]};{"producto0": 3795, "producto1": 5152, "producto2": 4509, "producto3": 3779, "producto4": 3495, "producto5": 6019, "producto6": 5950, "producto7": 4251, "producto8": 4499, "producto9": 4469, "producto10": 5212, "producto11": 5352, "producto12": 6082, "producto13": 4732, "producto14": 5716, "producto15": 4780, "producto16": 4954, "producto17": 6524, "producto18": 5635, "producto19": 3913};{"producto0": 3795, "producto1": 5152, "producto2": 4509, "producto3": 3779, "producto4": 3495, "producto5": 6019, "producto6": 5950, "producto7": 4251, "producto8": 4499, "producto9": 4469, "producto10": 5212, "producto11": 5352, "producto12": 6082, "producto13": 4732, "producto14": 5716, "producto15": 4780, "producto16": 4954, "producto17": 6524, "producto18": 5635, "producto19": 3913}
